Name,title,gender,IA
I.B. Fernandes,A Bucket LBVH Construction and Traversal Algorithm for Volumetric Sparse Data,M,S
R. Hirata,Optimizing Super Resolution for Face Recognition,M,S
F. Betul Atalay,Convex Hull for Probabilistic Points,F,S
R. L. Parente,Assessing Facial Image Accordance to ISO/ICAO Requirements,NULL,S
K. Otiniano-Rodríguez,Finger Spelling Recognition Using Kernel Descriptors and Depth Images,M,S
G. Cámara-Chávez,Finger Spelling Recognition Using Kernel Descriptors and Depth Images,M,S
H. Cumhur Tekin,Portable Digital in-Line Holography Platform for Sperm Cell Visualization and Quantification,M,S
G. Chiachia,Vehicle License Plate Recognition With Random Convolutional Networks,M,S
V. J. Oliveira Neto,Vehicle License Plate Recognition With Random Convolutional Networks,M,S
K. Otiniano Rodríguez,Finger Spelling Recognition from RGB-D Information Using Kernel Descriptor,M,S
G. Cámara Chávez,Finger Spelling Recognition from RGB-D Information Using Kernel Descriptor,M,S
R. Y. M. Nakamura,BBA: A Binary Bat Algorithm for Feature Selection,M,S
K. A. Costa,BBA: A Binary Bat Algorithm for Feature Selection,M,S
X.-S. Yang,BBA: A Binary Bat Algorithm for Feature Selection,M,S
V. F. Mota,A Tensor Based on Optical Flow for Global Description of Motion in Videos,M,S
F. Precioso,A Tensor Based on Optical Flow for Global Description of Motion in Videos,M,S
P. H. Gosselin,A Tensor Based on Optical Flow for Global Description of Motion in Videos,M,S
F. Faria,Improving Image Classification through Descriptor Combination,M,S
R. da S. Torres,Improving Image Classification through Descriptor Combination,M,S
Jianjiang Feng,Latent Fingerprint Matching: Fusion of Manually Marked and Derived Minutiae,M,S
F. Brayner,Compression of Synthesized Textures,M,S
Prakash Ishwar,Action Recognition in Video by Covariance Matching of Silhouette Tunnels,M,S
P. B. C. Leite,Crop Type Recognition Based on Hidden Markov Models of Plant Phenology,M,S
R. Q. Feitosa,Crop Type Recognition Based on Hidden Markov Models of Plant Phenology,M,S
G. A. O. P. Costa,Crop Type Recognition Based on Hidden Markov Models of Plant Phenology,M,S
K. Pakzad,Crop Type Recognition Based on Hidden Markov Models of Plant Phenology,M,S
I. D. A. Sanches,Crop Type Recognition Based on Hidden Markov Models of Plant Phenology,F,S
K.A. Hill,Can Bilateral Asymmetry Analysis of Breast MR Images Provide Additional  Information for Detection of Breast Diseases?,F,S
A.L. Martel,Can Bilateral Asymmetry Analysis of Breast MR Images Provide Additional  Information for Detection of Breast Diseases?,F,S
C. D. Maciel,Exploratory Visualization of RFLP-PCR Genomic Data Using Multidimensional Scaling,M,S
H.G. Fernandes,Visually Improved Understanding of Three-Dimensionally Propagating Electromagnetic Fields in Wireless Networks,M,S
M.K. Zuffo,Visually Improved Understanding of Three-Dimensionally Propagating Electromagnetic Fields in Wireless Networks,M,S
J.S. Suri,Non-Extensive Entropy for CAD Systems of Breast Cancer Images,M,S
P.S. Rodrigues,Non-Extensive Entropy for CAD Systems of Breast Cancer Images,M,S
J.S. Suri,Non-Extensive Entropy for CAD Systems of Breast Cancer Images,M,S
P.S. Rodrigues,Non-Extensive Entropy for CAD Systems of Breast Cancer Images,M,S
F.P.G. Bergo,Adapted Dynamic Meshes for Deformable Surfaces,M,S
F. de Goes,Adapted Dynamic Meshes for Deformable Surfaces,M,S
F.P.G. Bergo,Adapted Dynamic Meshes for Deformable Surfaces,M,S
F. de Goes,Adapted Dynamic Meshes for Deformable Surfaces,M,S
G. Bertrand,Euclidean homotopic skeleton based on critical kernels,M,S
G. Camara Chavez,Video Segmentation by Supervised Learning,M,S
F. Precioso,Video Segmentation by Supervised Learning,M,S
G.T. Silva,Image Formation of Multifrequency Vibro-Acoustography: Theory and Computational Simulations,M,S
M.W. Urban,Image Formation of Multifrequency Vibro-Acoustography: Theory and Computational Simulations,M,S
E.S.H. Neto,On the Effect of Relaxation in the Convergence and Quality of Statistical Image Reconstruction for Emission Tomography Using Block-Iterative Algorithms,M,S
A.R. De Pierro,On the Effect of Relaxation in the Convergence and Quality of Statistical Image Reconstruction for Emission Tomography Using Block-Iterative Algorithms,M,S
C.H. Morimoto,Automatic Iris Segmentation Using Active Near Infra Red Lighting,M,S
T.T. Santos,Automatic Iris Segmentation Using Active Near Infra Red Lighting,M,S
A.S. Muniz,Automatic Iris Segmentation Using Active Near Infra Red Lighting,M,S
T. Lewiner,Curvature Motion for Union of Balls,M,S
C.O.L. Ferreira,Curvature Motion for Union of Balls,M,S
R. Teixeira,Curvature Motion for Union of Balls,M,S 
R. Audigier,"Tie-Zone Watershed, Bottlenecks, and Segmentation Robustness Analysis",M,S
R. de Alencar Lotufo,"Tie-Zone Watershed, Bottlenecks, and Segmentation Robustness Analysis",M,S
R. Hirata,A Maximum-Likelihood Approach for Multiresolution W-Operator Design,M,S
P. Sussner,A Brief Account of the Relations between Gray-Scale Mathematical Morphologies,M,S
M.E. Valle,A Brief Account of the Relations between Gray-Scale Mathematical Morphologies,M,S
C.E. Thomaz,A Maximum Uncertainty LDA-Based Approach for Limited Sample Size Problems - With Application to Face Recognition,M,S
D.F. Gillies,A Maximum Uncertainty LDA-Based Approach for Limited Sample Size Problems - With Application to Face Recognition,M,S
P.A.V. Miranda,Object Detection by K-Connected Seed Competition,M,S
F.P.G. Bergo,Object Detection by K-Connected Seed Competition,M,S

F.A. Breve,Combining Methods to Stabilize and Increase Performance of Neural Network-Based Classifiers,M,S
M.P. Ponti,Combining Methods to Stabilize and Increase Performance of Neural Network-Based Classifiers,M,S
N.D.A. Mascarenhas,Combining Methods to Stabilize and Increase Performance of Neural Network-Based Classifiers,M,S
A.N. Marana,Ridge-Based Fingerprint Matching Using Hough Transform,M,S
A.K. Jain,Ridge-Based Fingerprint Matching Using Hough Transform,M,S
P.R. de Andrade Neto,A Linear Algorithm for Exact Pattern Matching in Planar Subdivisions,M,S
A.L.P. Guedes,A Linear Algorithm for Exact Pattern Matching in Planar Subdivisions,M,S
C.R. Jung,An Improved Linear-Parabolic Model for Lane Following and Curve Detection,M,S
C.R. Kelber,An Improved Linear-Parabolic Model for Lane Following and Curve Detection,M,S
P.A.V. Miranda,TSD: A Shape Descriptor Based on a Distribution of Tensor Scale Local Orientation,M,S
R. da S. Torres,TSD: A Shape Descriptor Based on a Distribution of Tensor Scale Local Orientation,M,S
F.J. Ayres,Performance Analysis of Oriented Feature Detectors,NULL,S
C.R. Jung,An adaptive approach to mammographic image denoising and enhancement,M,S
A.O. Silva,Segmentation of clinical structures from images of the human pelvic area,NULL,S
A.N. Freitas,Segmentation of clinical structures from images of the human pelvic area,NULL,S
F.M.O. Freitas,Segmentation of clinical structures from images of the human pelvic area,NULL,S
F. Fernandes,An image-matching approach to protein similarity analysis,NULL,S
C.E.R. Lopes,An image-matching approach to protein similarity analysis,M,S
R.C. de Melo,An image-matching approach to protein similarity analysis,M,S
M.M. Santoro,An image-matching approach to protein similarity analysis,M,S
A.A. Araujo,An image-matching approach to protein similarity analysis,M,S
C.H. Silveira,An image-matching approach to protein similarity analysis,M,S
G.T. Silva,Image formation in vibro-acoustography with sector array transducers,M,S
A.C. Frery,Image formation in vibro-acoustography with sector array transducers,M,S
J.M.S. Dias,OGRE - open gestures recognition engine,M,S
P. Nande,OGRE - open gestures recognition engine,M,S
N. Barata,OGRE - open gestures recognition engine,M,S
P.V.K. Borges,Informed position based watermarking,M,S
C.A.Z. Barcelos,Level lines continuation based digital inpainting,F,S
M.A. Batista,Level lines continuation based digital inpainting,M,S
A.M. Martins,Level lines continuation based digital inpainting,M,S
A.G. Silva,Detection of lines using hierarchical region based representation,NULL,S
F.P.G. Bergo,Image segmentation by tree pruning,M,S
P.A.V. Miranda,Image segmentation by tree pruning,M,S
C.R. Jung,A robust linear-parabolic model for lane following,M,S
C.R. Kelber,A robust linear-parabolic model for lane following,M,S
J.J. de Oliveira,Handwritten recognition with multiple classifiers for restricted lexicon,M,S
C.O.A. Freitas,Handwritten recognition with multiple classifiers for restricted lexicon,M,S
J.M. de Carvalho,Handwritten recognition with multiple classifiers for restricted lexicon,M,S
R. Sabourin,Handwritten recognition with multiple classifiers for restricted lexicon,M,S
L.F. Eiterer,Postal envelope address block location by fractal-based approach,M,S
M.R.P. Homem,Skeletonization of two-dimensional shapes via fast numerical calculation of vector fields,M,S
L.F. Costa,Skeletonization of two-dimensional shapes via fast numerical calculation of vector fields,M,S
N.D.A. Mascarenhas,Skeletonization of two-dimensional shapes via fast numerical calculation of vector fields,M,S
C.R. Jung,Rectangle detection based on a windowed Hough transform,M,S
R. Schramm,Rectangle detection based on a windowed Hough transform,M,S
M.D. Almeida Oliveira,Reconnection of fingerprint ridges based on morphological operators and multiscale directional information,F,S 
N.J. Leite,Reconnection of fingerprint ridges based on morphological operators and multiscale directional information,M,S
R. Audigier,On integrating iterative segmentation by watershed with tridimensional visualization of MRIs,M,S
R. Lotufo,On integrating iterative segmentation by watershed with tridimensional visualization of MRIs,M,S
A.B. Huguet,Color-based watershed segmentation of low-altitude aerial images,NULL,S
M.C. de Andrade,Color-based watershed segmentation of low-altitude aerial images,M,S
A.A. Araujo,Color-based watershed segmentation of low-altitude aerial images,M,S
F.C. Flores,Color image gradients for morphological segmentation: the weighted gradient improved by automatic imposition of weights,M,S
A.M. Polidorio,Color image gradients for morphological segmentation: the weighted gradient improved by automatic imposition of weights,M,S
D.C. Martins,W-operator window design by maximization of training data information,M,S
R.M. Cesar,W-operator window design by maximization of training data information,M,S
R. Carceroni,Underwater stereo,M,S
L.C.G. Andrade,A video-based support system for nighttime navigation in semi-structured environments,M,S
J.L. Fernandes,From photometric-motion to shape from shading,M,S
P.E. Ferreira,Data-based motion simulation through a Green's function approach,M,S
P.C.P. Carvalho,Data-based motion simulation through a Green's function approach,M,S
F.G.M. Silva,Interactive editing of multiresolution meshes,M,S
A.J.P. Gomes,Interactive editing of multiresolution meshes,M,S
P.C. Carvalho,Geodesic paths on triangular meshes,M,S
T. Lewiner,Efficient Edgebreaker for surfaces of arbitrary topology,M,S
H. Lopes,Efficient Edgebreaker for surfaces of arbitrary topology,M,S
R. Marroquim,Multi-resolution triangulations with adaptation to the domain based on physical compression,M,S
C. Esperanca,Multi-resolution triangulations with adaptation to the domain based on physical compression,M,S
T. Lewiner,Hierarchical isocontours extraction and compression,M,S
H. Lopes,Hierarchical isocontours extraction and compression,M,S
V. Mello,Hierarchical isocontours extraction and compression,M,S
T.F. Hain,"Fast, precise flattening of cubic Bezier segment offset curves",M,S
T. Lewiner,Arc-length based curvature estimator,M,S
J.D. Gomes,Arc-length based curvature estimator,M,S
H. Lopes,Arc-length based curvature estimator,M,S
C. Esperanga,Fast polygonization of variational implicit surfaces,M,S
B.R. de Araujo,Curvature dependent polygonization of implicit surfaces,M,S
J.A.P. Jorge,Curvature dependent polygonization of implicit surfaces,M,S
V.F. de Melo,A deformable surface model on the basis of the theory of a Cosserat surface,M,S
E.W.G. Clua,Software shaders in interactive environments using relief impostors,M,S
B. Feijo,Software shaders in interactive environments using relief impostors,M,S
F. Fonseca,Software shaders in interactive environments using relief impostors,M,S
F. Abraham,A load-balancing strategy for sort-first distributed rendering,M,S
R. Cerqueira,A load-balancing strategy for sort-first distributed rendering,M,S
J.L. Campos,A load-balancing strategy for sort-first distributed rendering,M,S
R.D. da Cunha,Navier-Stokes on programmable graphics hardware using SMAC,M,S
C.A. Pagot,Multiple-depth shadow maps,M,S
M.M. de Oliveira Neto,Multiple-depth shadow maps,M,S
R. Feris,Specular reflection reduction with multi-flash imaging,M,S
R. Raskar,Specular reflection reduction with multi-flash imaging,M,S
V. Theoktisto,On extending collaboration in virtual reality environments,F,S
M.A.F. Rodrigues,Collaborative virtual training using force feedback devices,F,S
R.R.C. Chaves,Collaborative virtual training using force feedback devices,NULL,S
W.B. Silva,Collaborative virtual training using force feedback devices,NULL,S
A.O. Artero,Viz3D: effective exploratory visualization of large multidimensional data sets,M,S
M.C.F. de Oliveira,Viz3D: effective exploratory visualization of large multidimensional data sets,F,S
P.C.P. Carvalho,Motion reconstruction using moments analysis,M,S
R. Farias,Loop snakes: snakes with enhanced topology control,M,S
C. Esperanca,Loop snakes: snakes with enhanced topology control,M,S
C. Vogler,Adaptive deformable models,M,S
N. Williams,Automatic image alignment for 3D environment modeling,M,S
C. Hantak,Automatic image alignment for 3D environment modeling,M,S
A.A. Montenegro,Space carving with a hand-held camera,M,S
P.C.P. Carvalho,Space carving with a hand-held camera,M,S
V.F. De Melo,An approximation for normal vectors of deformable models,M,S
M.M. Oliveira,A hole-filling strategy for reconstruction of smooth surfaces in range images,M,S
B. Mederos,Moving least squares multiresolution surface approximation,F,S
L.H. De Figueiredo,Moving least squares multiresolution surface approximation,M,S
H. Lopes,Fast stellar mesh simplification,M,S
G. Tavares,Fast stellar mesh simplification,M,S
T. Lewiner,Fast stellar mesh simplification,M,S
J.F. Sanjuan-Estrada,Reliable algorithms for ray intersection in computer graphics based on interval arithmetic,M,S
I. Garcia,Reliable algorithms for ray intersection in computer graphics based on interval arithmetic,M,S
H. Lopes,A topological framework for advancing front triangulation,M,S
M.B. Vieira,Reconstruction using surface dedicated tensorial field,M,S
P.P. Martins,Reconstruction using surface dedicated tensorial field,M,S
A.A. Araujo,Reconstruction using surface dedicated tensorial field,M,S
S.-T. Wu,A non-self-intersection Douglas-Peucker algorithm,M,S
M.R.G. Marquez,A non-self-intersection Douglas-Peucker algorithm,M,S
F.M.Q. Pereira,The language LinF for fractal specification,M,S
L.T. Rolla,The language LinF for fractal specification,M,S
H. Thole,Creating and editing curves on subdivision surfaces,M,S
F.R. Miranda,Graphic simulation for virtual prototyping with Java3D,M,S
C.S.D. Santos,Graphic simulation for virtual prototyping with Java3D,F,S
J.E. Kogler,Graphic simulation for virtual prototyping with Java3D,M,S
M.B. Villamil,A rules-based model used to describe group dynamics for games,F,S
R. Farias,RZSweep: a new hardware-assisted volume-rendering technique for regular datasets,M,S
R. Farias,Work distribution for parallel ZSweep algorithm,M,S
C. Bentes,Work distribution for parallel ZSweep algorithm,M,S
J.F. Rodrigues,Frequency plot and relevance plot to enhance visual data exploration,M,S
A.J.M. Traina,Frequency plot and relevance plot to enhance visual data exploration,F,S
C. Traina,Frequency plot and relevance plot to enhance visual data exploration,M,S
M.M. Oliveira,A sketch-based collaborative design system,M,S
V.C.L. Salvador,An interaction model for scientific visualization using sound,F,S
R. Minghim,An interaction model for scientific visualization using sound,F,S
S.-T. Wu,Picking and snapping for 3D input devices,M,S
L.F.M. Vieira,Automatically choosing source color images for coloring grayscale images,M,S
E.R.D. Nascimento,Automatically choosing source color images for coloring grayscale images,M,S
F.A. Fernandes,Automatically choosing source color images for coloring grayscale images,M,S
A.A. Araujo,Automatically choosing source color images for coloring grayscale images,M,S
E.M. Picado,Effective image retrieval by shape saliences,M,S
L.F. Costa,Effective image retrieval by shape saliences,M,S
J.F. Rodrigues,Using efficient visual exploration techniques to evaluate features for content-based image retrieval,M,S
C. Traina,Using efficient visual exploration techniques to evaluate features for content-based image retrieval,M,S
A.J.M. Traina,Using efficient visual exploration techniques to evaluate features for content-based image retrieval,F,S
C.N.J. Marinho,An image retrieval method based on factor analysis,M,S
H.Y. Kim,Secure authentication watermarking for binary images,M,S
L.N. Faria,Image morphing applied to 3D reconstruction of coronal loops,F,S
N.D.A. Mascarenhas,Image morphing applied to 3D reconstruction of coronal loops,M,S
C.E. Moron,Image morphing applied to 3D reconstruction of coronal loops,M,S
R.R. Rosa,Image morphing applied to 3D reconstruction of coronal loops,M,S
R.A. Silva,Informed embedding for multibit watermarking,M,S
R. Hirata,Design of order statistic filters from examples,M,S
J.D.S. da Silva,Corresponding geometric distorted images using an uncertainty inference method,M,S
P.O. Simoni,Corresponding geometric distorted images using an uncertainty inference method,M,S
J.A.T.B. da Costa,Area fractions by linear analysis of intensity level histograms,M,S
E.A. Yonekura,2-D histogram-based segmentation of postal envelopes,M,S
J.J.G. Leandro,Blood vessels segmentation in nonmydriatic images using wavelets and statistical classifiers,M,S
J.V.B. Soares,Blood vessels segmentation in nonmydriatic images using wavelets and statistical classifiers,M,S
R.M. Cesar,Blood vessels segmentation in nonmydriatic images using wavelets and statistical classifiers,M,S
A.M. Polidorio,Automatic shadow segmentation in aerial color images,M,S
F.C. Flores,Automatic shadow segmentation in aerial color images,M,S
N.N. Imai,Automatic shadow segmentation in aerial color images,M,S
C. Franco,Automatic shadow segmentation in aerial color images,M,S
C.R. Jung,Multiscale image segmentation using wavelets and watersheds,M,S
C.A.Z. Barcelos,Image inpainting and denoising by nonlinear partial differential equations,F,S
M.A. Batista,Image inpainting and denoising by nonlinear partial differential equations,M,S
J.L. Fernandes,A novel photometric motion approach,M,S
H.C.G. Leitao,A novel photometric motion approach,M,S
H.M. Gomes,Learning-based versus model-based log-polar feature extraction operators: a comparative study,M,S
C.O.D.A. Freitas,Evaluating the conventional and class-modular architectures feedforward neural network for handwritten word recognition,M,S
R. Sabourin,Evaluating the conventional and class-modular architectures feedforward neural network for handwritten word recognition,M,S
J.S.C. Filho,Semiautomatic hysteroscopic video summarization,M,S
V. Estrela,Regularized pel-recursive motion estimation using generalized cross-validation and spatial adaptation,M,S
R.T. Lopes,Regularized pel-recursive motion estimation using generalized cross-validation and spatial adaptation,M,S
N.J. Leite,Video transition detection using string matching: preliminary results,M,S
F.C. Flores,Object segmentation in image sequences by watershed from markers: a generic approach,M,S
R. de Alencar Lotufo,Object segmentation in image sequences by watershed from markers: a generic approach,M,S
G. Castellano,Sulcal lines extraction for cortex characterization in cerebral MR images using the image foresting transform,M,S
F. Cendes,Sulcal lines extraction for cortex characterization in cerebral MR images using the image foresting transform,M,S
B.M. Carvalho,Helical CT reconstruction from wide cone-beam angle data using ART,M,S
G.T. Herman,Helical CT reconstruction from wide cone-beam angle data using ART,M,S
F.N.S. De Medeiros,Multiscale detection of linear features in speckled imagery,M,S
R.C.S. Costa,Multiscale detection of linear features in speckled imagery,NULL,S
R.C.P. Marques,Multiscale detection of linear features in speckled imagery,NULL,S
M.A.G. Carvalho,Segmentation of images of yeast cells by scale-space analysis,F,S
L.G. Da Silveira,Visual speech recognition: a solution from feature extraction to words classification,M,S
D.L. Borges,Visual speech recognition: a solution from feature extraction to words classification,M,S
C.H. Morimoto,A computer vision framework for eye gaze tracking,M,S
J.C. Gee,Substructural segmentation based on regional shape differences,M,S 
M.F.M. Campos,Substructural segmentation based on regional shape differences,M,S
W.F. Rigo,Semi-automatic identification of optic disk by image processing for quantitative funduscopy,M,S
A.P.B. Da Silva,Semi-automatic identification of optic disk by image processing for quantitative funduscopy,M,S
T.W. Rauber,Semi-automatic identification of optic disk by image processing for quantitative funduscopy,M,S
G. Giraldi,A semi-automatic surface reconstruction framework based on T-Surfaces and isosurface extraction methods,M,S
R. Silva,A semi-automatic surface reconstruction framework based on T-Surfaces and isosurface extraction methods,NULL,S
A.A.F. Oliveira,A semi-automatic surface reconstruction framework based on T-Surfaces and isosurface extraction methods,M,S
V.C.L. Salvador,DSVOL II - a distributed visualization and sonification application communicating via an XML-based protocol,F,S
R. Minghim,DSVOL II - a distributed visualization and sonification application communicating via an XML-based protocol,F,S
H. Levkowitz,DSVOL II - a distributed visualization and sonification application communicating via an XML-based protocol,M,S
I.H. Manssour,Visualizing inner structures in multimodal volume data,M,S
C.M.D.S. Freitas,Visualizing inner structures in multimodal volume data,F,S
C.T. Silva,Towards point-based acquisition and rendering of large real-world environments,M,S
F.N.S. Medeiros,Evaluating an adaptive windowing scheme in speckle noise MAP filtering,M,S
N.D.A. Mascarenhas,Evaluating an adaptive windowing scheme in speckle noise MAP filtering,M,S
R.C.P. Marques,Evaluating an adaptive windowing scheme in speckle noise MAP filtering,NULL,S
M.L.S. Aguena,Multispectral image data fusion using projections onto convex sets techniques,F,S
N.D.A. Mascarenhas,Multispectral image data fusion using projections onto convex sets techniques,M,S
F.J. De Souza,Non-parametric smoothing for relative radiometric correction on remotely sensed data,M,S
M.P. Martins,Texture feature neural classifier for remote sensing image retrieval systems,M,S
L.N. Frutuoso Guimaraes,Texture feature neural classifier for remote sensing image retrieval systems,F,S
P.C.P. Carvalho,Image moments-based structuring and tracking of objects,M,S
M.B. Vieira,Filtering sparse data with 3D tensorial structuring elements,M,S
P.P. Martins,Filtering sparse data with 3D tensorial structuring elements,M,S
A.D.A. Araujo,Filtering sparse data with 3D tensorial structuring elements,M,S
R. Yang,Combining approximate geometry with view-dependent texture mapping - a hybrid approach to 3D video teleconferencing,M,S
C.R. Jung,Robust watershed segmentation using the wavelet transform,M,S
A.G. Silva,Classification of microstructures by morphological analysis and estimation of the hydration degree of cement paste in concrete,NULL,S
R. de Alencar Lotufo,Classification of microstructures by morphological analysis and estimation of the hydration degree of cement paste in concrete,M,S
F.C. Flores,Classification of microstructures by morphological analysis and estimation of the hydration degree of cement paste in concrete,M,S
F.A. Zampirolli,IFT-Watershed from gray-scale marker,M,S
F.C. Flores,Automatic method for assessment of telangiectasia degreeing by mathematical morphology,M,S
R. De Alencar Lotufo,Automatic method for assessment of telangiectasia degreeing by mathematical morphology,M,S
L.M. Rocha,Automatic method for assessment of telangiectasia degreeing by mathematical morphology,F,S
A.G. Silva,Automatic method for assessment of telangiectasia degreeing by mathematical morphology,NULL,S
E.F. Rocha,Automatic method for assessment of telangiectasia degreeing by mathematical morphology,M,S
L.H. De Figueiredo,Approximating parametric curves with strip trees using affine arithmetic,M,S
L.G. Da Silveira,Workspace awareness in relaxed WYSIWIS systems,M,S
A.J.Q. Vargas,Beta-connection: an approach to generate families of models from planar sections,M,S
L.G. Nonato,Beta-connection: an approach to generate families of models from planar sections,M,S
R. Minghim,Beta-connection: an approach to generate families of models from planar sections,F,S
M.C.F. De Oliveira,Beta-connection: an approach to generate families of models from planar sections,F,S
E.J.R. Justino,The interpersonal and intrapersonal variability influences on off-line signature verification using HMM,M,S
F. Bortolozzi,The interpersonal and intrapersonal variability influences on off-line signature verification using HMM,M,S
R. Sabourin,The interpersonal and intrapersonal variability influences on off-line signature verification using HMM,M,S
B. Dubuisson,Characterizing and distinguishing text in bank cheque images,F,S
F. Bortolozzi,Characterizing and distinguishing text in bank cheque images,M,S
J.J. De Oliveira Junior,Evaluating NN and HMM classifiers for handwritten word recognition,M,S
J.M. De Carvalho,Evaluating NN and HMM classifiers for handwritten word recognition,M,S
C.O.D.A. Freitas,Evaluating NN and HMM classifiers for handwritten word recognition,M,S
R. Sabourin,Evaluating NN and HMM classifiers for handwritten word recognition,M,S
L.M. Rocha,E-Shell Rendering,M,S
A.X. Falco,E-Shell Rendering,M,S
C. Augusto de Carvalho Vannini,Re-slicing tomographic volumes with Shell Rendering,M,S
N. Jeronimo Leite,A directional and parametrized transition detection algorithm based on morphological residues,M,S
E.T.M. Manoel,Multiscale fractal characterization of three-dimensional gene expression data,M,S
L.D.F. Costa,Multiscale fractal characterization of three-dimensional gene expression data,M,S
G.B. Muller,Multiscale fractal characterization of three-dimensional gene expression data,M,S
T.S. Caetano,Performance evaluation of single and multiple-Gaussian models for skin color modeling,M,S
D.A.C. Barone,Performance evaluation of single and multiple-Gaussian models for skin color modeling,M,S
P. Sergio Rodrigues,A region-based object recognition algorithm,M,S
C.G. Franco,Modeling and rendering of individual feathers,M,S
H.M.F. Madeira,Boolean decomposition of binary image operators,M,S
H. Pedrini,Boolean decomposition of binary image operators,M,S
D.C. Danna,Temporal segmentation of video sequences for content-based coding,M,S
C.J.S. Oliveira,Classifying images collected on the World Wide Web,M,S
C.A. Severiano,Classifying images collected on the World Wide Web,M,S
J.A. Nalon,Compression of quincunx subbands,M,S
F.V. Salina,A comparison of POCS algorithms for tomographic reconstruction under noise and limited view,M,S
N.D.A. Mascarenhas,A comparison of POCS algorithms for tomographic reconstruction under noise and limited view,M,S
A.C. Frery,Minute feature analysis in speckled imagery,M,S
F. Cribari-Neto,Minute feature analysis in speckled imagery,M,S
E.C. Prakash,Hierarchical face modeling and fast 3D facial expression synthesis,M,S
F. Pereira Ferreira,Intelligent Virtual Environment and Camera Control in behavioural simulation,M,S
G. Gelatti,Intelligent Virtual Environment and Camera Control in behavioural simulation,M,S
F.O. Moreira,Smart visible sets for networked virtual environments,M,S
C.M.D.S. Freitas,Smart visible sets for networked virtual environments,F,S
C.C. Aranha,Cambio: realistic three dimensional simulation of humanoids based on computer vision and robotics,M,S
S.R. Carvalho,Cambio: realistic three dimensional simulation of humanoids based on computer vision and robotics,M,S
L.M.G. Goncalvez,Cambio: realistic three dimensional simulation of humanoids based on computer vision and robotics,M,S
M.C.F. De Oliveira,Image processing and analysis to diagnose ocular refraction errors,F,S
R.C.P. Marques,Multiscale denoising algorithm based on the a trous algorithm,M,S
F.N.S. Medeiros,Multiscale denoising algorithm based on the a trous algorithm,M,S
R.C.S. Costa,Linear features detection in SAR images for urban analysis,M,S
F.N.S. Medeiros,Linear features detection in SAR images for urban analysis,M,S
I. Esquef,Nonextensive entropic image thresholding,M,S
M.A.G. De Carvalho,Image segmentation by analysis of scale-space,F,S
R. De Alencar Lotufo,Image segmentation by analysis of scale-space,M,S
S.E.N. Correia,Human-perception handwritten character recognition using wavelets,F,S
J.M. De Carvalho,Human-perception handwritten character recognition using wavelets,M,S
R. Sabourin,Human-perception handwritten character recognition using wavelets,M,S
S.M. Farani Costa,A new paradigm on fingerprint classification using directional image,F,S
J.M.V. De Oliveira,A new paradigm on fingerprint classification using directional image,M,S
F.J.R. Fernandez,A new paradigm on fingerprint classification using directional image,M,S
A.M. Brito Junior,A simple sketch for 3D scanning based on a rotating platform and a Web camera,M,S
L.M. Goncalves,A simple sketch for 3D scanning based on a rotating platform and a Web camera,M,S
G. Tho,A simple sketch for 3D scanning based on a rotating platform and a Web camera,M,S
A.L. De O Cavalcanti,A simple sketch for 3D scanning based on a rotating platform and a Web camera,M,S
T.E. De Campos,Person recognition through eigeneye selection based on fuzzy distance to multiple class prototypes,M,S
R.M. Cesar,Person recognition through eigeneye selection based on fuzzy distance to multiple class prototypes,M,S
I. Bloch,Person recognition through eigeneye selection based on fuzzy distance to multiple class prototypes,F,S
B. Borba,Localization of Brazilian vehicles plates using frequency analysis,M,S
C. Vasconcelos,Localization of Brazilian vehicles plates using frequency analysis,M,S
I.A. Esquef,Localization of Brazilian vehicles plates using frequency analysis,M,S
C.J.S. Oliveira,A color-based retrieval system for images collected on the World Wide Web,M,S
D.R. Gomes,A color-based retrieval system for images collected on the World Wide Web,M,S
C.A. Severiano,A color-based retrieval system for images collected on the World Wide Web,M,S
M.A.G. De Carvalho,Region tracking in ventricle MR sequence based on hierarchical analysis,F,S
R. De Alencar Lotufo,Region tracking in ventricle MR sequence based on hierarchical analysis,M,S
F.M. Lopes,Automatic gray level thresholding based on relevant features for subjective decisions,M,S
L.A. Consular,Automatic gray level thresholding based on relevant features for subjective decisions,M,S
A.C. Frery,An improved architecture for Java domain transformation applications,M,S
V.T. Diverio,A neural approach to classification of satellite images,M,S
A.T. Gomez,A neural approach to classification of satellite images,M,S
F.S. Osorio,A neural approach to classification of satellite images,M,S
L.T. Hoffmann,A neural approach to classification of satellite images,M,S
A.G. Rodrigues,A neural approach to classification of satellite images,M,S
F.H.C. Nunes,"A multimedia information system for administrative, scientific and intervention data in conservation-restoration of cultural movable properties",M,S
L.A.C. Souza,"A multimedia information system for administrative, scientific and intervention data in conservation-restoration of cultural movable properties",M,S
A.A. Araujo,"A multimedia information system for administrative, scientific and intervention data in conservation-restoration of cultural movable properties",M,S
M.A. Correa,"A multimedia information system for administrative, scientific and intervention data in conservation-restoration of cultural movable properties",F,S
F.A. Rodrigues,Applying a visual attention mechanism to the problem of traffic sign recognition,M,S
H.M. Gomes,Applying a visual attention mechanism to the problem of traffic sign recognition,M,S
M.V.A. Andrade,Spherical maps visualization,F,S
F. Franco,The color-code technique for 3D scanning,M,S
J.N. Ulysses,A speech orientation animation system to disabled people,F,S
T.P. Lied,Procedural butterfly wing patterns,M,S
C.E.S. Moreira,A flexible model for simulation of mammalian coats,M,S
N. Chamel Elias,Edugraph: software to teach computer graphics concepts,F,S
R. de Godoy Domingues,Edugraph: software to teach computer graphics concepts,M,S
F. Mello,Battlefield visualization and intelligent agents decision support,M,S
F. Policarpo,Three-dimensional reconstruction of urban scenes from a single image,M,S
O. Vargas Jaques,Neural cells synthesis using L-System,M,S
R. Celia Coelho,Neural cells synthesis using L-System,F,S
M.B. Vieira,Navegador3D: an Internet based flight simulator of urban centers,M,S
A.D.A. Araujo,Navegador3D: an Internet based flight simulator of urban centers,M,S
R. Melo Czekster,An interactive system for the visualization and measurement extraction in medical images,M,S
I. Harb Manssour,An interactive system for the visualization and measurement extraction in medical images,M,S
V. Fragoso de Melo,On validating a physically-based deformable surface model,M,S
H.M.De.A. Bezerra,Resource management in computer graphics teaching,M,S
B.F.F. Karlsson,Resource management in computer graphics teaching,M,S
M.C.De.A. Gois,Resource management in computer graphics teaching,F,S
A.C. Frery,Resource management in computer graphics teaching,M,S
F.V. Duarte,How to support collaborative modelling with the emerging standard MPEG-4 MU,M,S
R.B. Araujo,How to support collaborative modelling with the emerging standard MPEG-4 MU,M,S
F.W. Damasio,Animating virtual humans using hand postures,M,S
O. Alessio,"Tracing along an intersection closed loop, when should one stop?",M,S
H. Lopes,Robust adaptive approximation of implicit curves,M,S
J.B. Oliveira,Robust adaptive approximation of implicit curves,M,S
L.H. De Figueiredo,Robust adaptive approximation of implicit curves,M,S
W.M. Lira,An OOP approach for mesh generation of multi-region models with NURBS,M,S
L.C.G. Coelho,An OOP approach for mesh generation of multi-region models with NURBS,M,S
L.F. Martha,An OOP approach for mesh generation of multi-region models with NURBS,M,S
M.G. Marquez,On reconstructing surfaces of arbitrary topology from a range image,M,S
R.M. Da Silva,On reconstructing surfaces of arbitrary topology from a range image,M,S
L.S. Oliveira,High-level verification of handwritten numeral strings,M,S
R. Sabourin,High-level verification of handwritten numeral strings,M,S
F. Bortolozzi,High-level verification of handwritten numeral strings,M,S
C.Y. Suen,High-level verification of handwritten numeral strings,M,S
J.S. Sanchez,Performance evaluation of prototype selection algorithms for nearest neighbor classification,M,S
R. Barandela,Performance evaluation of prototype selection algorithms for nearest neighbor classification,M,S
R. Alejo,Performance evaluation of prototype selection algorithms for nearest neighbor classification,M,S
A.I. Marques,Performance evaluation of prototype selection algorithms for nearest neighbor classification,F,S
R. Barandela,Ongoing learning for supervised pattern recognition,M,S
N.W. Trepode,Multi-resolution classification trees in OCR design,M,S
R. Terada,Multi-resolution classification trees in OCR design,M,S
R. Teixeira,Discrete scale spaces via heat equation,M,S
C.B.R. Ferreira,Automated mammogram classification using a multiresolution pattern recognition approach,F,S
D.L. Borges,Automated mammogram classification using a multiresolution pattern recognition approach,M,S
J.J.G. Leandro,Blood vessels segmentation in retina: preliminary assessment of the mathematical morphology and of the wavelet transform techniques,M,S
E.D.O. Nunes,Multi-bands image analysis using local fractal dimension,M,S
F.A. Zampirolli,Fast multidimensional parallel Euclidean distance transform based on mathematical morphology,M,S
R. Hirata,Hybrid human-machine non-linear filter design using envelopes,M,S
R. Hirata,Microarray gridding by mathematical morphology,M,S
D.O. Dantas,Microarray gridding by mathematical morphology,M,S
F.C. Flores,Connected filtering by graylevel classification through morphological histogram processing,M,S
R.D.A. Lotufo,Connected filtering by graylevel classification through morphological histogram processing,M,S
C.T. Pozzer,Procedural models on image synthesis for ocean animation,M,S
S.R.M. Pellegrino,Procedural models on image synthesis for ocean animation,M,S
E.W.G. Clua,A shading model for image-based object rendering,M,S
B. Feijo,A shading model for image-based object rendering,M,S
K. Perlin,Procedural shape synthesis on subdivision surfaces,M,S
H. Biermann,Procedural shape synthesis on subdivision surfaces,M,S
P. Pires,Dynamic algorithm binding for interactive walkthroughs,M,S
A.O. Zaid,Transform image coding with global thresholding: application to baseline JPEG,M,S
C. Olivier,Transform image coding with global thresholding: application to baseline JPEG,M,S
O. Alata,Transform image coding with global thresholding: application to baseline JPEG,M,S
F. Marmoiton,Transform image coding with global thresholding: application to baseline JPEG,M,S
C.R. Jung,Adaptive image denoising in scale-space using the wavelet transform,M,S
L.M.G. Goncalves,Programming behaviors with local perception and smart objects: an approach to solve autonomous agents tasks,M,S
R. Lemos,Realistic skeletal muscle deformation using finite element analysis,M,S
B. Wyvill,Realistic skeletal muscle deformation using finite element analysis,M,S
A.B. Raposo,Control of articulated figures animations using Petri Nets,M,S
L.P. Magalhaes,Control of articulated figures animations using Petri Nets,M,S
F.R. Miranda,ARENA and WOXBOT: first steps towards virtual world simulations,M,S
J.E. Kogler,ARENA and WOXBOT: first steps towards virtual world simulations,M,S
M.L. Netto,ARENA and WOXBOT: first steps towards virtual world simulations,M,S
I.D.O. Matias,Enhancing the volumetric approach to stereo matching,M,S
A.A.F. Oliveira,Enhancing the volumetric approach to stereo matching,M,S
L.M.G. Goncalves,Enhancing the volumetric approach to stereo matching,M,S
G.F. Silveira,A fast vision-based road following strategy applied to the control of aerial robots,M,S
J.R.H. Carvalho,A fast vision-based road following strategy applied to the control of aerial robots,M,S
M.K. Madrid,A fast vision-based road following strategy applied to the control of aerial robots,M,S
P. Rives,A fast vision-based road following strategy applied to the control of aerial robots,M,S
S.S. Bueno,A fast vision-based road following strategy applied to the control of aerial robots,M,S
C.H. Morimoto,Interactive digital mirror,M,S
P.H. Caramori,New agroclimatic digital images classification system and risk zone mapping,M,S
A.M. Marques Da Silva,On determining a signature for skeletal maturity,F,S
C.A. Dietrich,On determining a signature for skeletal maturity,M,S
C.A.A. Schmitz,On determining a signature for skeletal maturity,M,S
W.I. Meyering,Cardiac image sequence analysis using a spatiotemporal frequency approach,M,S
M.A. Gutierrez,Cardiac image sequence analysis using a spatiotemporal frequency approach,F,S
M.P.M.F. Prado,Analysis of medical image sequences by recursive polynomial registration,F,S
N.D.A. Mascarenhas,Analysis of medical image sequences by recursive polynomial registration,M,S
P.M.A. Marques,Analysis of medical image sequences by recursive polynomial registration,M,S
A.C. Patrocinio,Classifying clusters of microcalcification in digitized mammograms by artificial neural network,F,S
H. Schiabel,Classifying clusters of microcalcification in digitized mammograms by artificial neural network,M,S
M.C. De Andrade,An interactive algorithm for image denoising and segmentation,M,S
B.C. Vemuri,An interactive algorithm for image denoising and segmentation,M,S
M.B. Vieira,Segmentation into fuzzy regions using topographic distance,M,S
P.O.A. Navaux,Segmentation of TEM images using oscillatory neural networks,M,S
P.F.P. Fichtner,Segmentation of TEM images using oscillatory neural networks,M,S
S.J.F. Guimar,A method for cut detection based on visual rhythm,NULL,S
N.J. Leite,A method for cut detection based on visual rhythm,M,S
V. Marion-Poty,Wavelet compression of vector field visualizations,F,S
J.P. Pereria,Handling ambiguity and errors: visual languages for calligraphic interaction,M,S
M.J. Fonseca,Handling ambiguity and errors: visual languages for calligraphic interaction,F,S
J.A.P. Jorge,Handling ambiguity and errors: visual languages for calligraphic interaction,M,S
B. Caiado,NISVAS: three-dimensional interactive visualization in Java3D,M,S
J.B. Lopes,NISVAS: three-dimensional interactive visualization in Java3D,M,S
C.H.Q. Forster,An architecture based on constraints for augmented shared workspaces,M,S
C.L. Tozzi,An architecture based on constraints for augmented shared workspaces,M,S
H.M. Gomes,Learning and extracting primal-sketch features in a log-polar image representation,M,S
A.A.F. Oliveira,Improving the original Dual-T-Snakes model,M,S
A.G. Campos Bianchi,Inferring shape evolution,M,S
L.S. Oliveira,Feature subset selection using genetic algorithms for handwritten digit recognition,M,S
N. Benahmed,Feature subset selection using genetic algorithms for handwritten digit recognition,F,S
R. Sabourin,Feature subset selection using genetic algorithms for handwritten digit recognition,M,S
F. Bortolozzi,Feature subset selection using genetic algorithms for handwritten digit recognition,M,S
C.Y. Suen,Feature subset selection using genetic algorithms for handwritten digit recognition,M,S
C.M.N. Neto,HalfToner: a tool for comparing halftoning algorithms,M,S
J.C.D.S. Lins,HalfToner: a tool for comparing halftoning algorithms,M,S
P.R.C. Carvalho,HalfToner: a tool for comparing halftoning algorithms,M,S
A.C. Frery,HalfToner: a tool for comparing halftoning algorithms,M,S
R.A. Cava,Node-edge diagram layout for displaying hierarchies,M,S
C.M.D.S. Freitas,Node-edge diagram layout for displaying hierarchies,F,S
P.A. Bressan,Reducing latency to volume visualization on PC cluster,M,S
M.K. Zuffo,Reducing latency to volume visualization on PC cluster,M,S
C.A.P.D.S. Martins,A configurable and portable benchmark for 3D graphics,M,S
F. Policarpo,Real-time collision detection and response,M,S
L.H. de Figueiredo,Revisiting adaptively sampled distance fields,M,S
J.B. de Oliveira,Revisiting adaptively sampled distance fields,M,S
L.M.G. Goncalves,A simple adaptive scheme for terrain modeling based on average,M,S
F. Franco,A simple adaptive scheme for terrain modeling based on average,M,S
F.J. Heinen,GLFurry - an interactive 3D fur modeling system,M,S
T.F. Evers,A comparative study of algorithms for 3D morphing,M,S
C.G. Franco,Modeling the structure of feathers,M,S
H.C. da Gama,Digitization and reconstruction of archaeological artifacts,M,S
S.M. Malfatti,LOGO 3D - an extension three-dimensional of LOGO,F,S
D.J. Francisco,LOGO 3D - an extension three-dimensional of LOGO,M,S
M.A.S. Netto Nunes,LOGO 3D - an extension three-dimensional of LOGO,F,S
S.R. Do Santos,LOGO 3D - an extension three-dimensional of LOGO,M,S
M.F. Lima Pereira,Parallel DSP architecture for reconstruction of tomographic images using wavelets techniques,M,S
L.V. Koenigkan,Parallel DSP architecture for reconstruction of tomographic images using wavelets techniques,M,S
I.J. Sanches,Lossless image compression of computerized tomography projections,F,S
E.P. Ribeiro,Lossless image compression of computerized tomography projections,M,S
C.A.C. Caetano,Morphologic analysis of the endothelium corneal tissue using mathematical morphology,M,S
A.B.R. Filho,Morphologic analysis of the endothelium corneal tissue using mathematical morphology,M,S
S.J.F. Sousa,Morphologic analysis of the endothelium corneal tissue using mathematical morphology,F,S
R. De Alencar Lotufo,Morphologic analysis of the endothelium corneal tissue using mathematical morphology,M,S
A.V. Dias,Refinement of T-snakes using adaptive parameters,M,S
G.L. De Oliveria,Computer-aided diagnostic system for skeletal age assessment,M,S
G.P. Noal,Computer-aided diagnostic system for skeletal age assessment,M,S
A.M. Marques da Silva,Computer-aided diagnostic system for skeletal age assessment,F,S
C.A.A. Schmitz,Computer-aided diagnostic system for skeletal age assessment,M,S
M.A. Guitierrez,Incorporation of geometrical information to identify cardiac structures in MRI,F,S
P.P. De Magalhaes Oliveira,A system for event related fMRI post processing,M,S
P.R. Arantes,A system for event related fMRI post processing,M,S
R. De Deus Lopes,A system for event related fMRI post processing,M,S
S.M.F. Costa,New method to obtain the directional image for fingerprint classification,F,S
J.M.V. de Oliveira,New method to obtain the directional image for fingerprint classification,M,S
F.J.R. Fernandez,New method to obtain the directional image for fingerprint classification,M,S
T.P. Ribeiro,Algorithm for analyzing anatomical structure of wood from Brazilian forest species based on digital imaging processes techniques,M,S
M.T. Filho,Algorithm for analyzing anatomical structure of wood from Brazilian forest species based on digital imaging processes techniques,M,S
C.A. Rodrigues,Advanced image characterization in scanning probe microscopy,M,S
S.C.D. Pitto,Advanced image characterization in scanning probe microscopy,F,S
L.D.F. Costa,Advanced image characterization in scanning probe microscopy,M,S
R.M. Faria,Advanced image characterization in scanning probe microscopy,M,S
N.C. de Souza,Advanced image characterization in scanning probe microscopy,M,S
O.N. Oliveira,Advanced image characterization in scanning probe microscopy,M,S
I.H. Bechtold,Advanced image characterization in scanning probe microscopy,F,S
E.A. Oliveira,Advanced image characterization in scanning probe microscopy,M,S
J.J. Bonvent,Advanced image characterization in scanning probe microscopy,M,S
J.J. de Oliveira,Evaluation of holistic features for word recognition,M,S
J.M. de Carvalho,Evaluation of holistic features for word recognition,M,S
C.J.S. Oliveira,Proposal of a classifier of images collected in the World Wide Web,M,S
C.A. Severiano,Proposal of a classifier of images collected in the World Wide Web,M,S
D.R. Gomes,Proposal of a classifier of images collected in the World Wide Web,M,S
M.A.G. de Carvalho,Hierarchical regions matching in image sequences through association graph,F,S
R. de Alencar Lotufo,Hierarchical regions matching in image sequences through association graph,M,S
O. da Fonseca Martins Gomes,Pattern recognition in the characterization of the mesostructure of bamboo,M,S
G.L.A. Mota,Pattern recognition in the characterization of the mesostructure of bamboo,M,S
C. de Souza Rodrigues,Pattern recognition in the characterization of the mesostructure of bamboo,M,S
L.M.B. Claudino,Pollen grain information retrieval by neural representation,F,S
R. Augusto Rabelo Oliveira,Pollen grain information retrieval by neural representation,M,S
E.M. dos Santos,Appearance-based object recognition using support vector machines,M,S
H.M. Gomes,Appearance-based object recognition using support vector machines,M,S
M.T. Akyama,Recognition of character using morphological associative memory,M,S
F. Castor,JDIPF: Java digital image processing framework,M,S
A.C. Frery,JDIPF: Java digital image processing framework,M,S
R. De Alencar Lotufo,Toolbox of image processing for numerical Python,M,S
R. Campos Machado,Toolbox of image processing for numerical Python,M,S
C. Aranha,Reactive perception for autonomous task manipulation in robotic agents,M,S
R. De Alencar Lotufo,Prontovideo: an image sequence segmentation tool applied to video edition,M,S
R. Machado,Prontovideo: an image sequence segmentation tool applied to video edition,M,S
F.C. Flores,Prontovideo: an image sequence segmentation tool applied to video edition,M,S
R. Koo,Prontovideo: an image sequence segmentation tool applied to video edition,M,S
G. Santos Mazzela,Prontovideo: an image sequence segmentation tool applied to video edition,M,S
R. Machado Da Costa,Prontovideo: an image sequence segmentation tool applied to video edition,M,S
R. Marcos De Moraes,A low-cost solution for obtaining remote sensing images,M,S
R.M. Hadad,Using the Hough transform to detect circular forms in satellite imagery,M,S
P.P. Martins,Using the Hough transform to detect circular forms in satellite imagery,M,S
C.J.S. Oliveira,A digital image processing based methodology for the extraction of the quantitative parameters of a superficial drainage basin,M,S
B.S. Soares-Filho,DINAMICA - a landscape dynamics simulation software,M,S
G.C. Cerqueira,DINAMICA - a landscape dynamics simulation software,M,S
W.L. Araujo,DINAMICA - a landscape dynamics simulation software,M,S
P.C. Grazziotin,Integration of sunlight access control to a building potential simulator,M,S
C.M.D.S. Freitas,Integration of sunlight access control to a building potential simulator,F,S
B. Turkienicz,Integration of sunlight access control to a building potential simulator,M,S
L.A. Pereira Neves,Methodology of automatic extraction of table-form cells,M,S
R.S. Feris,Tracking facial features using Gabor wavelet networks,M,S
R.M. Cesar,Tracking facial features using Gabor wavelet networks,M,S
T.E. de Dampos,Improved face/spl times/non-face discrimination using Fourier descriptors through feature selection,M,S
R. Schimidt Feris,Improved face/spl times/non-face discrimination using Fourier descriptors through feature selection,M,S
R.M. Cesar,Improved face/spl times/non-face discrimination using Fourier descriptors through feature selection,M,S
L.L. Galdino,A visual attention model for tracking regions based on color correlograms,M,S
D.L. Borges,A visual attention model for tracking regions based on color correlograms,M,S
J.S. Tanaka,Curvature and orientation estimation by neuronal structures,M,S
E.T.M. Manoel,Curvature and orientation estimation by neuronal structures,M,S
J.D.S. da Silva,Multiple correspondences in stereo vision under a genetic algorithm approach,M,S
P.O. Simoni,Multiple correspondences in stereo vision under a genetic algorithm approach,M,S
K.K. Bharadwaj,Multiple correspondences in stereo vision under a genetic algorithm approach,M,S
E.M. de Almeida Neves,Target search by bottom-up and top-down fuzzy information,M,S
J.E. Borelli,Target search by bottom-up and top-down fuzzy information,M,S
L.E. Soares de Oliveira,Handwritten digits segmentation based on structural approach,M,S
F. Bortolozzi,Handwritten digits segmentation based on structural approach,M,S
R. Sabourin,Handwritten digits segmentation based on structural approach,M,S
A.M. Correa Machado,Probabilistic intensity mapping in MRI image registration,F,S
M.F. Montenegro CAmpos,Probabilistic intensity mapping in MRI image registration,M,S
A.A.F. Oliveira,A boundary extraction approach based on multi-resolution methods and the T-Snakes framework,M,S
C.H. Quartucci Forster,Towards 3D reconstruction of endoscope images using shape from shading,M,S
C.L. Tozzi,Towards 3D reconstruction of endoscope images using shape from shading,M,S
C.O. de Almendra Freitas,Brazilian bank check handwritten legal amount recognition,M,S
F. Bortolozzi,Brazilian bank check handwritten legal amount recognition,M,S
R. Sabourin,Brazilian bank check handwritten legal amount recognition,M,S
E.J.R. Justino,An off-line signature verification system using hidden Markov model and cross-validation,M,S
F. Bortolozzi,An off-line signature verification system using hidden Markov model and cross-validation,M,S
R. Sabourin,An off-line signature verification system using hidden Markov model and cross-validation,M,S
M.E. Morita,Recognition of handwritten dates on bank checks using an HMM approach,M,S
F. Bortolozzi,Recognition of handwritten dates on bank checks using an HMM approach,M,S
R. Sabourin,Recognition of handwritten dates on bank checks using an HMM approach,M,S
J.B.S. de Oliveira,Robust approximation of offsets and bisectors of plane curves,M,S
L.H. de Figueiredo,Robust approximation of offsets and bisectors of plane curves,M,S
C.G. Franco,Fast customization of geometric models,M,S
O. Alessio,On estimating local geometric properties of intersection curves,M,S
S.I.R. Costa,On estimating local geometric properties of intersection curves,F,S
N.D.A. Mascarenhas,An estimation theoretic approach to 3D image interpolation,M,S
I.A. Souza,An estimation theoretic approach to 3D image interpolation,M,S
C.I. Biscegli,An estimation theoretic approach to 3D image interpolation,M,S
R.R. Rosa,An estimation theoretic approach to 3D image interpolation,M,S
J.E.L. Desautels,Directional analysis of images with Gabor wavelets,M,S
A.F. Frere,Directional analysis of images with Gabor wavelets,F,S
C.R. Jung,Stochastic texture image retrieval and similarity matching,M,S
N.Y. Soma,Fractal color image compression,M,S
F.A. Balogun,Minitomography scanner for agriculture based on dual-energy Compton scattering,M,S
B. Feijo,A framework for networked reactive characters,M,S
F. Wagner da Silva,A control theory approach for real-time animation of artificial agents,M,S
L.M. Garcia,A control theory approach for real-time animation of artificial agents,M,S
R.C. Farias,A control theory approach for real-time animation of artificial agents,M,S
A.A.F. Oliveira,A control theory approach for real-time animation of artificial agents,M,S
H. Mayer,Image-based texture analysis for realistic image synthesis,M,S
A.E. Fabris,Parallelization of filling algorithms on distributed memory machines using the point containment paradigm,M,S
M.M.O. Assis,Parallelization of filling algorithms on distributed memory machines using the point containment paradigm,M,S
A.R. Forrest,Parallelization of filling algorithms on distributed memory machines using the point containment paradigm,M,S
R. Farias,Time-critical rendering of irregular grids,M,S
J.S.B. Mitchell,Time-critical rendering of irregular grids,M,S
C.T. Silva,Time-critical rendering of irregular grids,M,S
B. Wylie,Time-critical rendering of irregular grids,M,S
L.A.P. Lozada,Visualization of three-dimensional maps,M,S
C.X. de Mendonca,Visualization of three-dimensional maps,M,S
A.D. Alves,Interactive visualization over the WWW,M,S
M.C. Ferreira de Oliveira,Interactive visualization over the WWW,F,S
R. Minghim,Interactive visualization over the WWW,F,S
L.G. Nonato,Interactive visualization over the WWW,M,S
A.A. Falcao,Fast Euclidean distance transform using a graph-search algorithm,M,S
F.A. Zampirolli,Fast Euclidean distance transform using a graph-search algorithm,M,S
S.J.F. Guimaraes,Image decomposition in morphological residues: an approach for image filtering and segmentation,NULL,S
N.J. Leite,Image decomposition in morphological residues: an approach for image filtering and segmentation,M,S
R. Terada,Text segmentation by automatically designed morphological operators,M,S
F. De Assis Zampirolli,Classification of the distance transformation algorithms under the mathematical morphology approach,M,S
R. De Alencar Lotufo,Classification of the distance transformation algorithms under the mathematical morphology approach,M,S
F.C. Flores,Morphological operators for segmentation of color sequences,M,S
R. Hirata,Morphological operators for segmentation of color sequences,M,S
F. Meyer,Morphological operators for segmentation of color sequences,M,S
H.M.F. Madeira,Incremental evaluation of BDD-represented set operators,M,S
R. Hirata,Color Image Gradients For Morphological Segmentation,M,S
F.C. Flores,Color Image Gradients For Morphological Segmentation,M,S
F. Meyer,Color Image Gradients For Morphological Segmentation,M,S
G.J. Fernandez,Parallelization of ARTUR algorithm using PVM,M,S
P. Borensztein,Parallelization of ARTUR algorithm using PVM,M,S
B.M. De Faria,PhotoPixJ 2.0-a Java digital image processing environment,M,S
L.S. Neto,PhotoPixJ 2.0-a Java digital image processing environment,M,S
M.P. De Albuquerque,Recognition of characters in plates of private Brazilian vehicles using neural networks,M,S
L.P. Caloba,Recognition of characters in plates of private Brazilian vehicles using neural networks,M,S
S.J.F. Guimaraes,Old movie restoration using opening by surface,M,S
G. Cerqueira,Old movie restoration using opening by surface,M,S
A.D. Sappa,Towards real-time image segmentation using polynomial functions,M,S
L.M. Garcia,Towards real-time image segmentation using polynomial functions,M,S
J.R. Bittencourt,Adaptive filters for image processing based on artificial neural networks,M,S
F.S. Osorio,Adaptive filters for image processing based on artificial neural networks,M,S
L.R. Veloso,Morphological cursive word segmentation,M,S
R.P. Sousa,Morphological cursive word segmentation,M,S
J.M. De Carvalho,Morphological cursive word segmentation,M,S
S.E.N. Correia,Recognition of unconstrained handwritten numerals using biorthogonal spline wavelets,F,S
J.M. De Carvalho,Recognition of unconstrained handwritten numerals using biorthogonal spline wavelets,M,S
V.C. Da Silva,Image compression via tritree decomposition,M,S
J.M. De Carvalho,Image compression via tritree decomposition,M,S
A.D.A. Araujo,Pattern recognition and image description by suitable textural information,M,S
L.M.B. Claudino,Pattern recognition and image description by suitable textural information,F,S
R.A.R. Oliveira,Pattern recognition and image description by suitable textural information,M,S
J.G.F. Mexas,Reconstruction by using a wavelet representation of the algebraic Radon transform,M,S
C. Esperanca,Reconstruction by using a wavelet representation of the algebraic Radon transform,M,S
S.D.F. Fernandes,Parallelism and images: a parallelization experiment for image segmentation with an application for automatic classification of scenes obtained from orbital platforms,F,S
A.M.V. Monteiro,Parallelism and images: a parallelization experiment for image segmentation with an application for automatic classification of scenes obtained from orbital platforms,M,S
C.L. Mendes,Parallelism and images: a parallelization experiment for image segmentation with an application for automatic classification of scenes obtained from orbital platforms,M,S
S.M.F. Costa,Directional images applied to axonal arborization identification,F,S
N. Peixoto,Directional images applied to axonal arborization identification,M,S
J.M.V. De Oliveira,Directional images applied to axonal arborization identification,M,S
F.J.R. Fernandez,Directional images applied to axonal arborization identification,M,S
C.A.C. Caetano,Identification and segmentation of cells in images of donated corneas using mathematical morphology,M,S
S.J.F. Sousa,Identification and segmentation of cells in images of donated corneas using mathematical morphology,F,S
R.D.A. Lotufo,Identification and segmentation of cells in images of donated corneas using mathematical morphology,M,S
C.R.P. Dionisio,A project for hand gesture recognition,M,S
R.M. Cesar,A project for hand gesture recognition,M,S
C.B.F. Marques,Head motion tracking using facial image analysis applied to 3D-environment navigation,F,S
L.V. Souza,Head motion tracking using facial image analysis applied to 3D-environment navigation,M,S
L.C.G. Andrade,Head motion tracking using facial image analysis applied to 3D-environment navigation,M,S
M.F.M. Campos,Head motion tracking using facial image analysis applied to 3D-environment navigation,M,S
I.D.O. Matias,Enhancing the volumetric approach to stereo matching,M,S
A.A.F.D. Oliveira,Enhancing the volumetric approach to stereo matching,M,S
P.P.D.M. Oliveira,A virtual endoscopic system for non-invasive bronchoscopy,M,S
A.D.A. Araujo,Enhancing microscope biological images with DIP techniques,M,S
B.M. De Faria,Enhancing microscope biological images with DIP techniques,M,S
H.J. Rees,Enhancing microscope biological images with DIP techniques,M,S
M.A.R. Silva,Enhancing microscope biological images with DIP techniques,M,S
T.K. Mitre,An object-relational database containing multimedia data,F,S
A.B. Huguet,An object-relational database containing multimedia data,NULL,S
A.D.A. Araujo,An object-relational database containing multimedia data,M,S
N.S. Andrade,An object-relational database containing multimedia data,M,S
R. Pizzio,Computerized tomography image compression: FIC/spl times/WTC,M,S
P.R.G. Franco,Computerized tomography image compression: FIC/spl times/WTC,M,S
R.B. De Araujo,Construction of multiuser virtual environments for the virtual teaching of embryology,M,S
A.L. Battaiola,Construction of multiuser virtual environments for the virtual teaching of embryology,M,S
M.R.G. Marquez,On reconstructing surfaces with genus greater than zero from range images,M,S
A.P. Borges,A graphical interface to link virtual instruments through a Web browser,M,S
M.O.P. Lisboa,A graphical interface to link virtual instruments through a Web browser,M,S
F.J.R. Fernandez,A graphical interface to link virtual instruments through a Web browser,M,S
C.A.M. Dos Santos,Pythonissa: a visual language for weather forecast preparation,M,S
A.K. Kojima,Pythonissa: a visual language for weather forecast preparation,F,S
C.M.D.S. Freitas,Pythonissa: a visual language for weather forecast preparation,F,S
I.H. Manssour,A multimodal visualization framework for medical data,M,S
L.P. Nedel,A multimodal visualization framework for medical data,F,S
C.M.D.S. Freitas,A multimodal visualization framework for medical data,F,S
A.J.A.D. Cruz,Planning computer modeled animation: towards an animation machine,M,S
A.B. Raposo,Planning computer modeled animation: towards an animation machine,M,S
L.P. Magalhaes,Planning computer modeled animation: towards an animation machine,M,S
J.L. Encarnacao,Anno 2010-remembering our future. Challenges and frontiers of visualization for Human-Media Technology as the kernel for Human-Centered Computing,M,S
P.J. De Rezende,An optimal algorithm to construct all Voronoi diagrams for k nearest neighbor search in T/sup 2/,M,S
A.C. Miranda,An algorithm for two-dimensional mesh generation for arbitrary regions with cracks,M,S
L.F. Martha,An algorithm for two-dimensional mesh generation for arbitrary regions with cracks,M,S
K. Basso,Interpolation of scattered data: investigating alternatives for the modified Shepard method,F,S
P.R. De Avila Zingano,Interpolation of scattered data: investigating alternatives for the modified Shepard method,M,S
C.M. Dal Sasso Freitas,Interpolation of scattered data: investigating alternatives for the modified Shepard method,F,S
F.W. Da Silva,Motion cyclification by time/spl times/frequency warping,M,S
L.H. De Figueiredo,Interval methods for ray casting implicit surfaces with affine arithmetic,M,S
P. Frederick,Efficient visualization of graphical objects,M,S
M.R. Mediano,Efficient visualization of graphical objects,M,S
A.G. Ferreira,Multiple display viewing architecture for virtual environments over heterogeneous networks,M,S
I. Costa,Real-time shadow generation using BSP trees and stencil buffers,M,S
G.P. Carnielli,Fast digital perspective shell rendering,M,S
L.M.G. Fonseca,Control point assessment for image registration,F,S
C.S. Kenney,Control point assessment for image registration,M,S
M.F.M. Campos,A methodology for 3D registration of range images for object visualization,M,S
L.M.G. Goncalves,A framework for attention and object categorization using a stereo head robot,M,S
A.A.F. Oliveira,A framework for attention and object categorization using a stereo head robot,M,S
R.A. Grupen,A framework for attention and object categorization using a stereo head robot,M,S
R.A. De Freitas Mini,Visual tracking of objects using multiresolution,M,S
M.F.M. Campos,Visual tracking of objects using multiresolution,M,S
L.S. Coelho,Pose estimation of autonomous dirigibles using artificial landmarks,M,S
M.F.M. Campos,Pose estimation of autonomous dirigibles using artificial landmarks,M,S
C.H. Morimoto,Keeping an eye for HCI,M,S
P.S. De Souza Coelho,An image processing and belief network approach to face detection,M,S
C. Esperanca,An image processing and belief network approach to face detection,M,S
A.A.F. De Oliveira,An image processing and belief network approach to face detection,M,S
E.R. Hancock,A scale adaptive method for estimating the perspective pose of texture planes,M,S
D.M. Barbosa,Parallelizing MPEG video encoding using multiprocessors,M,S
J.P. Kitajima,Parallelizing MPEG video encoding using multiprocessors,M,S
C. Mota,Curvature operators in geometric image processing,F,S
F.R. Aquino,Using adaptive contraction for fractal image coding based on local fractal dimension,M,S
G.J.F. Banon,Characterization of linear and morphological operators,M,S
V. Maoio,Shape preservation in morphological filtering and segmentation,M,S
R. Hirata,Automatic design of morphological operators for motion segmentation,M,S
F.C. Flores,Automatic design of morphological operators for motion segmentation,M,S
H.M.F. Madeira,A new paradigm for the architecture of morphological machines: binary decision diagrams,M,S
R. Hirata,A new paradigm for the architecture of morphological machines: binary decision diagrams,M,S
R. Van Den Boomgaard,Developing morphological building blocks: from design to implementation,M,S
A.G. Flessia,Simulation of correlated intensity SAR images,M,S
A.C. Frery,Simulation of correlated intensity SAR images,M,S
A.C. Frery,The /spl Gscr//sup 0//sub A/ distribution as the true model for SAR images,M,S
A.G. Flesia,A Monte-Carlo study of classical spectral estimation of the backscatter in k-distributed images,M,S
A.C. Frery,A Monte-Carlo study of classical spectral estimation of the backscatter in k-distributed images,M,S
F.N.S. Medeiros,Speckle noise MAP filtering based on local adaptive neighborhood statistics,M,S
N.D.A. Mascarenhas,Speckle noise MAP filtering based on local adaptive neighborhood statistics,M,S
L.F. Costa,Speckle noise MAP filtering based on local adaptive neighborhood statistics,M,S
G.T. Zaniboni,Image data fusion using projection over the set of solutions of an underdetermined least squares problem,M,S
N.D.A. Mascarenhas,Image data fusion using projection over the set of solutions of an underdetermined least squares problem,M,S
P. Maragos,Two frontiers in morphological image analysis: differential evolution models and hybrid morphological/linear neural networks,M,S
L.F.C. Pessoa,Two frontiers in morphological image analysis: differential evolution models and hybrid morphological/linear neural networks,M,S
F. Meyer,Levelings and morphological segmentation,M,S
R. Bajcsy,Three-dimensional reconstruction from a set of video cameras of environments for virtual collaboration,F,S
G. Kamberova,Three-dimensional reconstruction from a set of video cameras of environments for virtual collaboration,F,S
R. Enciso,Three-dimensional reconstruction from a set of video cameras of environments for virtual collaboration,M,S
H. Fuchs,Three-dimensional reconstruction from a set of video cameras of environments for virtual collaboration,M,S
G. Welch,Three-dimensional reconstruction from a set of video cameras of environments for virtual collaboration,M,S
R. Sara,Three-dimensional reconstruction from a set of video cameras of environments for virtual collaboration,M,S
R. Marques da Silva,Reconstructing a 3D model from range images using radial flow model,M,S
L.F. Granato,A technique for improvement of linear attenuation coefficient maps obtained by means of X-ray tomography in multiple energies,M,S
F. Cassaro,A technique for improvement of linear attenuation coefficient maps obtained by means of X-ray tomography in multiple energies,M,S
C. Ortiz,A unified geometric model for 3D confocal image analysis in cytology,M,S
R. Malladi,A unified geometric model for 3D confocal image analysis in cytology,M,S
P. Cezar Pinto Carvalho,Error measures in greedy insertion simplification methods,M,S
L.C.G. Coelho,An algorithm for intersecting and trimming parametric meshes,M,S
L.H. De Figueiredo,An algorithm for intersecting and trimming parametric meshes,M,S
A.E. Fabris,Stroking discrete polynomial Bezier curves via point containment paradigm,M,S
A.R. Forrest,Stroking discrete polynomial Bezier curves via point containment paradigm,M,S
L.A. Lima,Virtual seismic interpretation,M,S
R. Bastos,Virtual seismic interpretation,M,S
M.C. Ferreira de Oliveira,Towards perception driven visualization,F,S
R. Minghim,Towards perception driven visualization,F,S
S.M. Tutida,Towards perception driven visualization,F,S
V.C. Lucas Salvador,Towards perception driven visualization,F,S
E.G. da Fonseca,A holographic visualization system: a sequel,M,S
P.L. de Gues,A holographic visualization system: a sequel,M,S
C.F.X. de Mendonca N,A holographic visualization system: a sequel,M,S
K. Basso,Visualization of geological prospecting data,F,S
C.M. Dal Sasso Freitas,Visualization of geological prospecting data,F,S
V.C.L. Salvador,Sonification to support visualization tasks,F,S
R. Minghim,Sonification to support visualization tasks,F,S
M.L. Pacheco,Sonification to support visualization tasks,M,S
T.G. de Senna Carneiro,Load balancing for distributed virtual reality systems,M,S
J.N. Cotrim Arabe,Load balancing for distributed virtual reality systems,M,S
G. Franssens,Image compression based on a multipoint Taylor series representation,M,S
N.V. Boulgouris,Directional interpolation pyramids for still image compression,M,S
B. Costa,A system's architecture for warping and morphing of graphical objects,M,S
J.D.R. Wey,Interface: a real time facial animation system,M,S
I. Diamantis,Real time video distribution using publication through a database,M,S
G.S. Lee,A general specification for scene animation,M,S
M.W. Kurzynski,Rule-based classification procedures related to the unprecisely formulated expert rules,M,S
C. Le Gal,Evolving visual features and detectors,F,S
E.O. De Jesus,ECIR-an electronic circuit diagram image recognizer,M,S
R. De Alencar Lotufo,ECIR-an electronic circuit diagram image recognizer,M,S
R. Chaine,A graph-anisotropic approach to 3-D data segmentation,F,S
R. Santos,Biased clustering methods for image classification,M,S
T. Ohashi,Biased clustering methods for image classification,M,S
T. Yoshida,Biased clustering methods for image classification,M,S
T. Ejima,Biased clustering methods for image classification,M,S
L.S. de Coelho,Computer vision-based navigation for autonomous blimps,M,S
M.F.M. Campos,Computer vision-based navigation for autonomous blimps,M,S
V. Kumar,Computer vision-based navigation for autonomous blimps,M,S
A.P.D. Poz,Automatic absolute orientation of scanned aerial photographs,M,S
F.N.S. Medeiros,Adaptive speckle MAP filtering for SAR images using statistical clustering,M,S
N.D.A. Mascarenhas,Adaptive speckle MAP filtering for SAR images using statistical clustering,M,S
M.L. De Bustamante Simas,"Human frequency response functions of harmonic 2, 4, 8 and 16 cycle angular frequency filters",F,S
N.A. Dos Santos,"Human frequency response functions of harmonic 2, 4, 8 and 16 cycle angular frequency filters",M,S
J.C. Gee,Density estimation for MR image elastic matching,M,S
M.F.M. Campos,Density estimation for MR image elastic matching,M,S
D.C. Fernandez,Comparison of different source localization methods,M,S
R. De Peralta Menendez,Comparison of different source localization methods,M,S
S.L.G. Andino,Comparison of different source localization methods,F,S
E.O. Farras,Comparison of different source localization methods,M,S
E.O. Farras,An approach to physiologically meaningful distributed inverse solutions to the neuro-electromagnetic inverse problem,M,S
R.G. De Peralta Menendez,An approach to physiologically meaningful distributed inverse solutions to the neuro-electromagnetic inverse problem,M,S
S.L. Gonzalez Andino,An approach to physiologically meaningful distributed inverse solutions to the neuro-electromagnetic inverse problem,F,S
D.C. Fernandez,An approach to physiologically meaningful distributed inverse solutions to the neuro-electromagnetic inverse problem,M,S
E.A. Vazquez,An approach to physiologically meaningful distributed inverse solutions to the neuro-electromagnetic inverse problem,M,S
E.R. Hancock,Estimating vanishing point from the angular correlation of spectral texture distribution,M,S
R. Zonenschein,Texturing composite deformable implicit objects,M,S
L.H. De Figueiredo,Texturing composite deformable implicit objects,M,S
B. Wyvill,Texturing composite deformable implicit objects,M,S
A.N. Marana,On the efficacy of texture analysis for crowd monitoring,M,S
L.F. Costa,On the efficacy of texture analysis for crowd monitoring,M,S
O.M. Bruno,Automatic feature selection for biological shape classification in /spl Sigma/ynergos,M,S
R.M. Cesar,Automatic feature selection for biological shape classification in /spl Sigma/ynergos,M,S
L.A. Consularo,Automatic feature selection for biological shape classification in /spl Sigma/ynergos,M,S
N. Sebe,Towards optimal ranking metrics,M,S
D.P. Huijsmans,Towards optimal ranking metrics,M,S
P.C.P. Carvalho,Image-based modeling using a two-step camera calibration method,M,S
F. Szenberg,Image-based modeling using a two-step camera calibration method,M,S
Chiou-Shann Fuh,Distortion correction for digital cameras,M,S
M.F.M. Campos,Evaluation of three-dimensional reconstructions from arbitrary images,M,S
I. Thomo,Optimized block based disparity estimation in stereo systems using a maximum-flow approach,M,S
L.M.G. Goncalves,A control architecture for multi-modal sensory integration,M,S
R.A. Grupen,A control architecture for multi-modal sensory integration,M,S
A.A.F. Oliveira,A control architecture for multi-modal sensory integration,M,S
L.M.G. Goncalves,Pipeline stereo matching in binary images,M,S
A.A.F. De Oliveira,Pipeline stereo matching in binary images,M,S
R. Van den Boomgaard,Morphological algorithms for color images based on a generic-programming approach,M,S
J.-M. Geusebroek,Morphological algorithms for color images based on a generic-programming approach,M,S
M.E. Morita,Morphological approach of handwritten word skew correction,M,S
F. Bortolozzi,Morphological approach of handwritten word skew correction,M,S
R. Sabourin,Morphological approach of handwritten word skew correction,M,S
W.N. Matta,Straight-line removal in boron carbide microscopic images,M,S
R. De Alengar Lotufo,Morphological image segmentation applied to video quality assessment,M,S
W.D.F. Da Silva,Morphological image segmentation applied to video quality assessment,M,S
A.C.F. Pessoa,Morphological image segmentation applied to video quality assessment,M,S
P. Ghosh,Bi-variate pattern spectrum,M,S
B. Chanda,Bi-variate pattern spectrum,M,S
A.E. Fabris,An efficient filling algorithm for non-simple closed curves using the point containment paradigm,M,S
A.R. Forrest,An efficient filling algorithm for non-simple closed curves using the point containment paradigm,M,S
A.E. Fabris,High quality rendering of two-dimensional continuous curves,M,S
A.R. Forrest,High quality rendering of two-dimensional continuous curves,M,S
L.C. Guedes,Real-time rendering of photo-textured terrain height fields,M,S
P.C.P. Carvalho,Real-time rendering of photo-textured terrain height fields,M,S
A.B. Raposo,Working with remote VRML scenes through low-bandwidth connections,M,S
L.P. Magalhaes,Working with remote VRML scenes through low-bandwidth connections,M,S
I.L.M. Ricarte,Working with remote VRML scenes through low-bandwidth connections,M,S
F.S. Tamiosso,Building interactive animations using VRML and Java,M,S
A.B. Raposo,Building interactive animations using VRML and Java,M,S
L.P. Magalhaes,Building interactive animations using VRML and Java,M,S
I.L.M. Ricarte,Building interactive animations using VRML and Java,M,S
F.W. Da Silva,An architecture for motion capture based animation,M,S
P.F. De Santa Clara Ramos,Analyzing a deformable model using differential geometry,M,S
S.I.R. Costa,Analyzing a deformable model using differential geometry,F,S
G.A. Pinto,Representation of conics in the oriented projective plane,M,S
P.J. De Rezende,Representation of conics in the oriented projective plane,M,S
M.V.A. Andrade,Exact representation and operations on spherical maps,M,S
L.C.C. Guedes,Real-time terrain surface extraction at variable resolution,M,S
J.M.R. Neves,Visualizing scalar fields represented by adaptive square triangulations,M,S
R.M. Persiano,Visualizing scalar fields represented by adaptive square triangulations,M,S
F. Szenberg,An algorithm for the visualization of a terrain with objects,M,S
P.C.P. Carvalho,An algorithm for the visualization of a terrain with objects,M,S
G.C. Ribeiro,Tridimensional image reconstruction method based on the modified algebraic reconstruction technique and B-spline interpolation,M,S
R.C.H. Chiou,Wavelet and entropy analysis combination to evaluate diffusion and correlation behaviours,M,S
M.A.G.V. Ferreira,Wavelet and entropy analysis combination to evaluate diffusion and correlation behaviours,F,S
C.T. Silva,Wavelet and entropy analysis combination to evaluate diffusion and correlation behaviours,M,S
A.E. Kaufman,Wavelet and entropy analysis combination to evaluate diffusion and correlation behaviours,M,S
I. Bloch,Data fusion in 2D and 3D image processing: an overview,F,S
H. Maitre,Data fusion in 2D and 3D image processing: an overview,M,S
M.M. Anguh,Multiscale segmentation and enhancement in mammograms,M,S
A.C. Silva,Multiscale segmentation and enhancement in mammograms,M,S
M.F.M. Campos,An iterative algorithm for segmenting lanes in gel electrophoresis images,M,S
A.M. Siqueira,An iterative algorithm for segmenting lanes in gel electrophoresis images,M,S
O.S.F. De Carvalho,An iterative algorithm for segmenting lanes in gel electrophoresis images,M,S
R.M. Cesar,Semi-automated dendrogram generation for neural shape analysis,M,S
L.deS. Coelho,Similarity-based versus template matching-based methodologies for image alignment of polyhedral-like objects under noisy conditions,M,S
M.F.M. Campos,Similarity-based versus template matching-based methodologies for image alignment of polyhedral-like objects under noisy conditions,M,S
R. Hirata,Fast algorithms to compute the elementary operators of mathematical morphology,M,S
G.J.F. Banon,Morphological approach for template matching,M,S
S.D. Faria,Morphological approach for template matching,M,S
M.H. Tatibana,Novel automatic PCB inspection technique based on connectivity,M,S
R. de A. Lotufo,Novel automatic PCB inspection technique based on connectivity,M,S
M.G. Almeida,Complementary filter banks for image compression,M,S
L.F. Chaparro,Complementary filter banks for image compression,M,S
M.V.R. Sobreiro,Color image quantization by pairwise clustering,F,S
A.C. Frery,A user-friendly system for synthetic aperture radar image classification based on grayscale distributional properties and context,M,S
C.daC.F. Yanasse,A user-friendly system for synthetic aperture radar image classification based on grayscale distributional properties and context,M,S
P.R. Vieira,A user-friendly system for synthetic aperture radar image classification based on grayscale distributional properties and context,M,S
S.J.S. Santanna,A user-friendly system for synthetic aperture radar image classification based on grayscale distributional properties and context,M,S
C.D. Renno,A user-friendly system for synthetic aperture radar image classification based on grayscale distributional properties and context,M,S
L.M.G. Fonseca,Automatic registration of satellite images,F,S
M.H.M. Costa,Automatic registration of satellite images,F,S
Mendonça C. F. X. de N.,Um sistema para visualização holográfica,M,S
P. L. de Geus,Um sistema para visualização holográfica,M,S
V. Busechian,The problem of image quality assessment in computed tomography and in magnetic resonance imaging,M,S
T. Tomitani,Agilização na reconstrução de imagens utilizando método direto de Fourier e Array Processor,M,S
R. Kitney,Automatic coronary artery w all contour detection,M,S
C. C. Robilotta,Avaliação da tomografia miocárdica por emissão de fóton único,M,S
R. Abe,Avaliação da tomografia miocárdica por emissão de fóton único,M,S
H. Niemann,A system environment for knowledge based image analysis,M,S
P. Cralevitch,Tratamento digital de imagens II: uma aplicação Metalografica,M,S
R. A. Nunes,Tratamento digital de imagens II: uma aplicação Metalografica,M,S
F. A. B. Araújo,Desenvolvimento de um software para síntese de imagens de facetas curvilíneas em um sistema SITIM,M,S
