MUNICIPIO,UF
Curitiba,PR
Macapá,AP
São Bernardo do Campo,SP
Juiz de Fora,MG
Osório,RS
Campos Gerais,MG
Venda Nova do Imigrante,ES
São José dos Campos,SP
Bom Sucesso,MG
Cerquilho,SP
Montes Claros,MG
Ibicaraí,BA
Jacareí,SP
Itapeva,SP
Vitória,ES
Belém,PA
Fortaleza,CE
Uruaçu,GO
Guaraí,TO
Garanhuns,PE
Belo Horizonte,MG
Santa Cruz do Sul,RS
Paracambi,RJ
Itápolis,SP
Bauru,SP
São Manuel,SP
Jundiaí,SP
Curvelo,MG
Goiânia,GO
Natal,RN
Cariacica,ES
Canoas,RS
Joinville,SC
Formosa,GO
Diadema,SP
Tobias Barreto,SE
Chapecó,SC
Lagarto,SE
Caçapava,SP
Manaus,AM
Niterói,RJ
Icó,CE
Colinas do Tocantins,TO
Santa Fé do Sul,SP
Florianópolis,SC
Presidente Epitácio,SP
Santa Rita do Sapucaí,MG
Cascavel,PR
Cuiabá,MT
Itacoatiara,AM
Jacarezinho,PR
Afonso Cláudio,ES
Salvador,BA
Brasília,DF
Varginha,MG
Mariana,MG
Teresina,PI
Boa Vista,RR
Janaúba,MG
Rio de Janeiro,RJ
São Luís,MA
Campo Mourão,PR
Palotina,PR
Itabuna,BA
Martinópolis,SP
São Paulo,SP
Barretos,SP
Carpina,PE
Catalão,GO
Salinas,MG
Itabira,MG
Franca,SP
Itaperuna,RJ
Mococa,SP
Ipatinga,MG
Criciúma,SC
Ampére,PR
Palmas,TO
Nova Mutum,MT
Passo Fundo,RS
Campina Grande,PB
Porangatu,GO
Recife,PE
Campo Belo,MG
Itabirito,MG
Trindade,GO
João Pessoa,PB
Porto Alegre,RS
Presidente Prudente,SP
Taubaté,SP
Porto Velho,RO
Santarém,PA
Colíder,MT
Osasco,SP
Ribeirão Pires,SP
Farroupilha,RS
Unaí,MG
Tupã,SP
São Félix do Xingu,PA
Rio Branco,AC
Olinda,PE
Tangará da Serra,MT
Bragança,PA
Rondonópolis,MT
Sete Lagoas,MG
Votuporanga,SP
Santa Rita do Passa Quatro,SP
Tianguá,CE
Foz do Iguaçu,PR
Teixeira de Freitas,BA
Catanduva,SP
Boituva,SP
Sobral,CE
Campinas,SP
Erechim,RS
Ponte Nova,MG
Criciúma,SC
Juazeiro do Norte,CE
Extrema,MG
Nova Andradina,MS
Ananindeua,PA
Ponta Grossa,PR
Três Lagoas,MS
Alegre,ES
Maceió,AL
Itaboraí,RJ
São José do Rio Preto,SP
João Pessoa,PB
Maceió,AL
Porto Alegre,RS
Santa Cruz Cabrália,BA
Nazareno,MG
Maringá,PR
Recife,PE
Fátima do Sul,MS
Jataí,GO
Porto Alegre,RS
Caxias do Sul,RS
Tatuí,SP
Itinga do Maranhão,MA
Rondonópolis,MT
Leopoldina,MG
Porteirinha,MG
João Pessoa,PB
Itu,SP
Iúna,ES
Irecê,BA
Santa Terezinha de Goiás,GO
João Pessoa,PB
Osasco,SP
Itaboraí,RJ
Castanhal,PA
Nova Porteirinha,MG
São Vicente,SP
Criciúma,SC
Campinas,SP
Belo Jardim,PE
Barueri,SP
Campos dos Goytacazes,RJ
Adamantina,SP
Santo Ângelo,RS
Catanduvas,SC
Fernandópolis,SP
Capivari de Baixo,SC
Sarandi,RS
Coromandel,MG
Lauro de Freitas,BA
Porto Alegre,RS
Guanhães,MG
Tucuruí,PA
Rio das Ostras,RJ
Campinas,SP
Bom Jesus da Lapa,BA
Marechal Cândido Rondon,PR
Aracaju,SE
Baturité,CE
Conselheiro Lafaiete,MG
Itabirito,MG
Santo Ângelo,RS
Uberlândia,MG
Laranjeiras do Sul,PR
Guarapari,ES
Nova Mutum,MT
Pouso Alegre,MG
Caucaia,CE
Divinópolis,MG
São José da Tapera,AL
Paraíso do Tocantins,TO
Petrópolis,RJ
Feira de Santana,BA
Ijuí,RS
São Mateus,ES
Alagoinhas,BA
Santo André,SP
Itanhaém,SP
São Pedro do Piauí,PI
Brusque,SC
Recife,PE
Porto Alegre,RS
Artur Nogueira,SP
Maringá,PR
Pinheiro,MA
Luís Eduardo Magalhães,BA
Blumenau,SC
Taubaté,SP
Bento Gonçalves,RS
Balneário Camboriú,SC
Rolândia,PR
Juazeiro,BA
Taboão da Serra,SP
São Mateus do Sul,PR
Marília,SP
Alto Boa Vista,MT
Ampére,PR
Dracena,SP
João Pessoa,PB
Cruz Alta,RS
Lagoa dos Patos,MG
Jaboatão dos Guararapes,PE
Piraju,SP
Três Pontas,MG
Londrina,PR
Almenara,MG
João Pessoa,PB
São José,SC
Guanambi,BA
Araraquara,SP
Primavera do Leste,MT
Luís Eduardo Magalhães,BA
Canoinhas,SC
Palmeira dos Índios,AL
Mineiros,GO
Guarulhos,SP
Quixadá,CE
São José do Rio Pardo,SP
Tupã,SP
Barbacena,MG
Abadia dos Dourados,MG
Alvorada,RS
Goiana,PE
Monte Santo,BA
Camaquã,RS
Luminárias,MG
Poté,MG
Rio Branco,AC
Campina Grande,PB
São José dos Quatro Marcos,MT
Juara,MT
Itaquaquecetuba,SP
Ji-Paraná,RO
Campinas,SP
Cataguases,MG
Bento Gonçalves,RS
Recife,PE
Erechim,RS
Brusque,SC
Moji Mirim,SP
Congonhas,MG
Ji-Paraná,RO
Blumenau,SC
Jandira,SP
Rio Verde,GO
Vila Velha,ES
Conselheiro Pena,MG
João Pessoa,PB
Miguel Pereira,RJ
São Mateus do Maranhão,MA
Contagem,MG
Mossoró,RN
Maceió,AL
Contagem,MG
Porto Velho,RO
Pedreiras,MA
Açailândia,MA
Porto Alegre,RS
Recife,PE
Pirassununga,SP
Mauá,SP
Taubaté,SP
São José do Rio Preto,SP
Campo Grande,MS
Cacoal,RO
Passos,MG
São José do Rio Preto,SP
Jaraguá do Sul,SC
Três Rios,RJ
Arapiraca,AL
Quixeramobim,CE
Itajaí,SC
Guarantã do Norte,MT
Campo Grande,MS
Jaboatão dos Guararapes,PE
Sinop,MT
João Pessoa,PB
São Sebastião,SP
Betim,MG
João Pessoa,PB
Cajamar,SP
Maceió,AL
Araguaína,TO
Itapetininga,SP
Buriticupu,MA
Campinas,SP
Contagem,MG
Floriano,PI
Navegantes,SC
Maceió,AL
Anápolis,GO
Campos dos Goytacazes,RJ
Recife,PE
Camocim,CE
União da Vitória,PR
Itambacuri,MG
Nossa Senhora do Socorro,SE
Araguaína,TO
Mossoró,RN
Araguaína,TO
Barreiras,BA
Londrina,PR
Botucatu,SP
Matão,SP
Blumenau,SC
Pinhalzinho,SC
Sete Lagoas,MG
Americana,SP
Santo Augusto,RS
Contagem,MG
Muriaé,MG
São Vicente,SP
Salgueiro,PE
Jacobina,BA
Joaçaba,SC
Maceió,AL
São Bento do Sul,SC
João Pessoa,PB
Peruíbe,SP
Recife,PE
São José do Rio Preto,SP
São José dos Pinhais,PR
Parauapebas,PA
Santarém,PA
Pouso Alegre,MG
Cachoeiro de Itapemirim,ES
Duque de Caxias,RJ
Feira de Santana,BA
Jales,SP
Santo André,SP
Lages,SC
Araras,SP
São Cristóvão,SE
São Raimundo Nonato,PI
Resende,RJ
Votuporanga,SP
Cruz das Almas,BA
Guarulhos,SP
Porto Alegre,RS
Além Paraíba,MG
Vitória da Conquista,BA
Juazeiro do Norte,CE
Jequié,BA
Valinhos,SP
Parnamirim,RN
São Leopoldo,RS
Rio Branco,AC
Brusque,SC
Fazenda Rio Grande,PR
Ubá,MG
Pinheiro,MA
Piratininga,SP
Cruzeiro,SP
São José dos Pinhais,PR
Macaé,RJ
Patos de Minas,MG
Bicas,MG
Vespasiano,MG
Caarapó,MS
Serra Talhada,PE
Santo Antônio de Jesus,BA
Santos,SP
Viçosa,MG
Valparaíso de Goiás,GO
São Carlos,SP
Imperatriz,MA
Araguaína,TO
Trindade,PE
Nova Odessa,SP
Itapevi,SP
Maceió,AL
Porto Alegre,RS
Tefé,AM
Currais Novos,RN
Sete Lagoas,MG
Santo Antônio de Pádua,RJ
Avaré,SP
Santa Luzia,MG
Santana do Ipanema,AL
Cotia,SP
Rondonópolis,MT
Cajazeiras,PB
Porto Velho,RO
Arcoverde,PE
Tatuí,SP
Itumbiara,GO
Cachoeiro de Itapemirim,ES
São Miguel do Oeste,SC
Votorantim,SP
Guarapari,ES
Tatuí,SP
Altamira,PA
José Bonifácio,SP
Araripina,PE
Uberaba,MG
Canindé,CE
Serra,ES
Mogi das Cruzes,SP
Porto Velho,RO
Lauro de Freitas,BA
Caruaru,PE
Carapicuíba,SP
Timon,MA
São Caetano do Sul,SP
Caxias do Sul,RS
Palmas,TO
Frutal,MG
Uberaba,MG
Machado,MG
Guarulhos,SP
Camaquã,RS
Uberlândia,MG
Nova Lima,MG
São José do Rio Preto,SP
Cachoeiro de Itapemirim,ES
Santo André,SP
Ituiutaba,MG
Nova Andradina,MS
Teixeira de Freitas,BA
Lauro de Freitas,BA
Manhumirim,MG
Botucatu,SP
João Pessoa,PB
Guarulhos,SP
Toledo,PR
Ibiúna,SP
Eunápolis,BA
Pacajus,CE
Picos,PI
São João de Meriti,RJ
Rio Claro,SP
São Carlos,SP
Maceió,AL
Recife,PE
Londrina,PR
Passo Fundo,RS
Nova Serrana,MG
Colíder,MT
Pindamonhangaba,SP
Rio do Sul,SC
São Miguel do Iguaçu,PR
São José,SC
Seringueiras,RO
Campina Grande,PB
Guarapari,ES
Sete Lagoas,MG
Manacapuru,AM
Setubinha,MG
Juazeiro,BA
Conselheiro Lafaiete,MG
Colorado do Oeste,RO
Novo Hamburgo,RS
Aracaju,SE
Sorriso,MT
São Carlos,SP
Goiana,PE
Vitória de Santo Antão,PE
Serra Talhada,PE
Erechim,RS
Clevelândia,PR
Loanda,PR
Tailândia,PA
Cataguases,MG
Quissamã,RJ
Rio do Sul,SC
Concórdia,SC
Recife,PE
São João del Rei,MG
Ilha Solteira,SP
Picos,PI
Assis,SP
Várzea Grande,MT
Sete Lagoas,MG
Viana,ES
Santa Maria da Vitória,BA
Abaetetuba,PA
Erechim,RS
Recife,PE
Alto Santo,CE
Osasco,SP
Vazante,MG
Crato,CE
Porto Velho,RO
Arapiraca,AL
Pedro Afonso,TO
Mossoró,RN
Timóteo,MG
Maceió,AL
Feira de Santana,BA
Anápolis,GO
São Gonçalo,RJ
Santo Antônio de Pádua,RJ
Campo Grande,MS
Pedreiras,MA
Três Rios,RJ
Sorriso,MT
Quirinópolis,GO
Santo André,SP
Piracicaba,SP
Caxias do Sul,RS
Porto Alegre,RS
Jequié,BA
Machadinho D´Oeste,RO
Barra Bonita,SP
Marília,SP
Parnaíba,PI
Feira de Santana,BA
Piraúba,MG
Itapecerica da Serra,SP
Cruz das Almas,BA
Gravataí,RS
Campos dos Goytacazes,RJ
Campinas,SP
Caçador,SC
São Gonçalo,RJ
Mairiporã,SP
Santos,SP
Paranaguá,PR
Ribas do Rio Pardo,MS
Araras,SP
Rubiataba,GO
Aracaju,SE
Santos,SP
Ilhéus,BA
Palmas,TO
Assis,SP
Sidrolândia,MS
Betim,MG
Jaboatão dos Guararapes,PE
Guarulhos,SP
Porto Seguro,BA
Porto Alegre,RS
Guarapari,ES
Ribeirão Preto,SP
Guaratinguetá,SP
Escada,PE
Rio do Sul,SC
Ourilândia do Norte,PA
João Monlevade,MG
São Francisco,MG
Sete Lagoas,MG
Araras,SP
Tatuí,SP
Serra,ES
Eunápolis,BA
Itaúba,MT
Ribeirão Preto,SP
Santo Ângelo,RS
Pouso Alegre,MG
Uberaba,MG
Maracanaú,CE
Manhuaçu,MG
Paracatu,MG
Osasco,SP
Guarulhos,SP
Aracaju,SE
Itaberaí,GO
Vargem Grande Paulista,SP
Timóteo,MG
Santa Maria,RS
Rondonópolis,MT
Lauro de Freitas,BA
Croatá,CE
Colatina,ES
Conselheiro Lafaiete,MG
Paraíso do Norte,PR
Bambuí,MG
Pacajus,CE
Caucaia,CE
Novo Horizonte,SP
Campo Grande,MS
Porto Alegre,RS
Jaú,SP
Botucatu,SP
Teófilo Otoni,MG
Ibitinga,SP
Guarulhos,SP
Barbacena,MG
Sorocaba,SP
Conselheiro Lafaiete,MG
Santos Dumont,MG
Três Corações,MG
Dourados,MS
Cabedelo,PB
Maringá,PR
Vilhena,RO
Presidente Prudente,SP
Matão,SP
Viçosa,MG
Jaraguá do Sul,SC
Jaú,SP
Pelotas,RS
Ponta Grossa,PR
Paraíso do Tocantins,TO
Ji-Paraná,RO
Marabá,PA
Suzano,SP
São João del Rei,MG
Carmo do Paranaíba,MG
Caicó,RN
Campos dos Goytacazes,RJ
Camaçari,BA
Restinga Seca,RS
Penedo,AL
São José do Egito,PE
Pato Branco,PR
Blumenau,SC
Recife,PE
Pinheiros,ES
Itanhaém,SP
Lucas do Rio Verde,MT
Recife,PE
Uberlândia,MG
Recife,PE
Lauro de Freitas,BA
Penápolis,SP
São Miguel,RN
Campina Verde,MG
Porto Alegre,RS
Tailândia,PA
Guaxupé,MG
Campo Grande,MS
Barra do Corda,MA
Novo Hamburgo,RS
Pesqueira,PE
Teófilo Otoni,MG
Aracaju,SE
Aparecida de
João Pessoa,PB
Capanema,PA
Buritis,MG
Recife,PE
Araranguá,SC
Ponta Grossa,PR
São João do Piauí,PI
Mafra,SC
Umuarama,PR
Maringá,PR
Limoeiro do Norte,CE
Cornélio Procópio,PR
Paragominas,PA
Praia Grande,SP
Casa Branca,SP
Felixlândia,MG
Vilhena,RO
Santo André,SP
Cornélio Procópio,PR
Passo Fundo,RS
Maringá,PR
Piranguinho,MG
Marabá,PA
Nova Lima,MG
Ponta Grossa,PR
Pontalina,GO
Pouso Alegre,MG
Barra Bonita,SP
Uruçuí,PI
Tatuí,SP
Parnaíba,PI
Olímpia,SP
Campina Grande,PB
São José do Rio Preto,SP
Palhoça,SC
Volta Redonda,RJ
Vitória do Mearim,MA
Cubatão,SP
Recife,PE
Piumhi,MG
Anápolis,GO
Jaciara,MT
Aracaju,SE
Formiga,MG
Porto Alegre,RS
Barreiras,BA
Porto Alegre,RS
Tubarão,SC
Alfenas,MG
Sumé,PB
Nova Lima,MG
Passo Fundo,RS
Mauá,SP
Jaboticatubas,MG
Milhã,CE
Taquaritinga,SP
Santos,SP
Cabo de Santo Agostinho,PE
São Mateus,ES
Valparaíso de Goiás,GO
Senhora dos Remédios,MG
Dourados,MS
Ponta Grossa,PR
Cajazeiras,PB
Guarapuava,PR
Recife,PE
Recife,PE
Agudos,SP
Rio do Sul,SC
Brusque,SC
Apucarana,PR
Porto Alegre,RS
Olinda,PE
Foz do Iguaçu,PR
Caruaru,PE
Campina Grande,PB
Palhoça,SC
Jataí,GO
Cotia,SP
Sabará,MG
Baependi,MG
Bragança Paulista,SP
Vila Velha,ES
Feira de Santana,BA
Palmas,TO
Taquaritinga,SP
Monte Carmelo,MG
Jeremoabo,BA
Dois Vizinhos,PR
Limoeiro do Norte,CE
Jaboticabal,SP
Itaituba,PA
Indiara,GO
Itapetininga,SP
Porto Velho,RO
Juazeiro do Norte,CE
Congonhas,MG
Ferraz de Vasconcelos,SP
Paraíba do Sul,RJ
Aracaju,SE
Passos,MG
Porto Alegre,RS
Abaeté,MG
Imperatriz,MA
São Francisco,MG
Batatais,SP
Parintins,AM
Pouso Alegre,MG
Garça,SP
Aracaju,SE
Guarapuava,PR
Itajubá,MG
São Pedro do Piauí,PI
Santa Maria,RS
Sousa,PB
Guarulhos,SP
Palmas,TO
Parnamirim,RN
Sete Lagoas,MG
Ribeirão Preto,SP
Caratinga,MG
Rio Verde,GO
João Pessoa,PB
Milhã,CE
Uberaba,MG
Duque de Caxias,RJ
Araripina,PE
Vila Velha,ES
Recife,PE
Sertãozinho,SP
Cafelândia,PR
Araçatuba,SP
Duque de Caxias,RJ
Campos Altos,MG
Porto Belo,SC
Araguaína,TO
Sertãozinho,SP
Cotia,SP
São João da Boa Vista,SP
Caçador,SC
Praia Grande,SP
Marialva,PR
Londrina,PR
Divisa Alegre,MG
Brumadinho,MG
Divinópolis,MG
Nova Xavantina,MT
Ilha Solteira,SP
Santana de Parnaíba,SP
Foz do Iguaçu,PR
Poços de Caldas,MG
Arapoti,PR
Passo Fundo,RS
Recife,PE
Patos,PB
Porto Alegre,RS
Mineiros,GO
Rio Novo,MG
Arcos,MG
Ponta Grossa,PR
Tucumã,PA
Palmas,TO
Foz do Iguaçu,PR
Guarujá,SP
Limoeiro do Norte,CE
Santa Cruz do Capibaribe,PE
Breves,PA
Itajaí,SC
Carapicuíba,SP
Pirapora,MG
Cruz das Almas,BA
Balneário Camboriú,SC
Goiatuba,GO
Araputanga,MT
Lorena,SP
Maringá,PR
Barão de Cocais,MG
São Bento do Sul,SC
Jaboatão dos Guararapes,PE
Patos de Minas,MG
Paulínia,SP
Carmópolis de Minas,MG
Parnaíba,PI
Ananindeua,PA
Guarabira,PB
Araguaína,TO
Horizonte,CE
São Lourenço,MG
Serra,ES
Cataguases,MG
Ouro Fino,MG
Uberaba,MG
Barbacena,MG
Cachoeira,BA
Botucatu,SP
Paranavaí,PR
Itamaraju,BA
Arapongas,PR
Vitória da Conquista,BA
Dracena,SP
Campo Formoso,BA
Aracati,CE
Iturama,MG
Taubaté,SP
Recife,PE
Serra,ES
Jaru,RO
Campinas,SP
Taubaté,SP
Jaraguá do Sul,SC
Sousa,PB
Pederneiras,SP
Umbaúba,SE
Chapadão do Sul,MS
Itapipoca,CE
Campo Grande,MS
Porteirinha,MG
Colatina,ES
Porto Velho,RO
Garibaldi,RS
Itumbiara,GO
Goianésia,GO
Feira de Santana,BA
Senhor do Bonfim,BA
Lençóis Paulista,SP
Campina Grande,PB
Guarapuava,PR
Passo Fundo,RS
Alagoinhas,BA
Recife,PE
Pirapora,MG
Timbaúba,PE
Matelândia,PR
Guaçuí,ES
Várzea Grande,MT
Luziânia,GO
Jaguariaíva,PR
Praia Grande,SP
Parnaíba,PI
Eusébio,CE
Vitória de Santo Antão,PE
Sorocaba,SP
Serrinha,BA
Recife,PE
Rio Branco,AC
Osasco,SP
Santo André,SP
Imperatriz,MA
Barbacena,MG
Porto Alegre,RS
Niquelândia,GO
Conselheiro Lafaiete,MG
Nova Andradina,MS
Passo Fundo,RS
Bom Despacho,MG
Cachoeira Paulista,SP
Iguape,SP
Londrina,PR
São Roque,SP
Recife,PE
Porto Alegre,RS
Arujá,SP
Itajubá,MG
Castro,PR
São Bento,PB
Juatuba,MG
Itu,SP
Abaetetuba,PA
Cassilândia,MS
Vila Velha,ES
Marabá,PA
Contagem,MG
Fernandópolis,SP
Lins,SP
Guaporé,RS
Morrinhos,GO
Coxim,MS
Londrina,PR
Blumenau,SC
Mossoró,RN
Nova Esperança,PR
Unaí,MG
Pão de Açúcar,AL
Itapema,SC
Belo Jardim,PE
Porto Velho,RO
Duque de Caxias,RJ
Votorantim,SP
Conchas,SP
Juazeiro do Norte,CE
Parauapebas,PA
Cacoal,RO
Quissamã,RJ
Cidade Ocidental,GO
Porto Alegre,RS
São Gotardo,MG
Canindé de São Francisco,SE
Arcoverde,PE
Ribeirão Preto,SP
Campinas,SP
Porto Velho,RO
São Joaquim da Barra,SP
Rio do Sul,SC
Caruaru,PE
Avaré,SP
Santos Dumont,MG
Campos dos Goytacazes,RJ
Ipojuca,PE
Jaraguá,GO
Pouso Alegre,MG
Indaial,SC
Crateús,CE
Iporá,GO
Caratinga,MG
Mogi das Cruzes,SP
São Paulo das Missões,RS
Sorocaba,SP
Iguatama,MG
Alagoinhas,BA
Patos,PB
Santo André,SP
Caldas Novas,GO
Ribeirão Preto,SP
Taboão da Serra,SP
Americana,SP
Niquelândia,GO
Votuporanga,SP
Ourinhos,SP
Gravataí,RS
Lavras,MG
Olinda,PE
Sinop,MT
Pinhais,PR
Nova Petrópolis,RS
Bonito,MS
Foz do Iguaçu,PR
Bragança Paulista,SP
Cajazeiras,PB
Barra Mansa,RJ
Costa Rica,MS
Casa Nova,BA
Campo Grande,MS
Feira de Santana,BA
Auriflama,SP
João Pessoa,PB
Itaúna,MG
Sumaré,SP
Moji Mirim,SP
Ariquemes,RO
Altamira,PA
Campo Novo do Parecis,MT
Campo Largo,PR
Elói Mendes,MG
São Caetano do Sul,SP
Cachoeirinha,RS
Pompéia,SP
Passos,MG
Euclides da Cunha,BA
Colombo,PR
Bacabal,MA
Suzano,SP
Nilópolis,RJ
Guaramirim,SC
Nova Iguaçu,RJ
Maracanaú,CE
Assis,SP
Unaí,MG
Caxias,MA
Benevides,PA
Iguatu,CE
Feira de Santana,BA
Criciúma,SC
Teresópolis,RJ
Castelo,ES
Cachoeirinha,RS
Pelotas,RS
Ouro Preto do Oeste,RO
Água Branca,PI
Recife,PE
São João da Boa Vista,SP
São Gonçalo,RJ
Campinas,SP
Santa Maria de Jetibá,ES
Santana,AP
Brusque,SC
Caruaru,PE
Além Paraíba,MG
Nova Iguaçu,RJ
Campo Grande,MS
Ituberá,BA
Olinda,PE
Anápolis,GO
Bertópolis,MG
Nova Lima,MG
Guarujá,SP
Londrina,PR
Olinda,PE
Porto Feliz,SP
Mogi das Cruzes,SP
Mauá,SP
Muzambinho,MG
Araxá,MG
Vitória da Conquista,BA
Nova Andradina,MS
Pato Branco,PR
Maceió,AL
Votorantim,SP
Araguaína,TO
Ponte Nova,MG
Recife,PE
Sorocaba,SP
Machado,MG
Paço do Lumiar,MA
Arapiraca,AL
Mogi Guaçu,SP
Santa Cruz do Capibaribe,PE
Caxias,MA
Rolim de Moura,RO
Ourinhos,SP
Ribeirão Preto,SP
Barracão,PR
Teixeira de Freitas,BA
Mogi Guaçu,SP
Três Corações,MG
Apucarana,PR
Ji-Paraná,RO
Garça,SP
Lauro de Freitas,BA
Três Lagoas,MS
Feira de Santana,BA
Santo André,SP
São Sebastião,SP
Várzea Paulista,SP
Piracicaba,SP
Sete Lagoas,MG
Contagem,MG
Londrina,PR
Anápolis,GO
Ilhéus,BA
Londrina,PR
Recife,PE
Jaboticabal,SP
Campo Grande,MS
Uberlândia,MG
Guaratuba,PR
Recife,PE
Itapuranga,GO
Serra,ES
Recife,PE
Patrocínio,MG
Mauá,SP
Palmitos,SC
Vila Velha,ES
Itajaí,SC
Araçatuba,SP
Governador Valadares,MG
Ouro Preto,MG
Jaboticabal,SP
Valença,BA
Guarulhos,SP
Sete Lagoas,MG
Itajaí,SC
Alta Floresta,MT
Osvaldo Cruz,SP
Novo Hamburgo,RS
Cruzeiro,SP
Tupaciguara,MG
João Pessoa,PB
Ponta Porã,MS
Piranga,MG
Nepomuceno,MG
Resende,RJ
Anápolis,GO
Bragança Paulista,SP
Porto Alegre,RS
Santa Bárbara d´Oeste,SP
Rio Branco,AC
Mauá,SP
Porto Alegre,RS
Queimadas,BA
Guarulhos,SP
Lajeado,RS
São Joaquim da Barra,SP
São Pedro da Aldeia,RJ
Novo Progresso,PA
Ubá,MG
Iguatu,CE
Pium,TO
Penápolis,SP
Itanhandu,MG
Lages,SC
Cotia,SP
Pedro Leopoldo,MG
Barra Bonita,SP
Porto Alegre,RS
Dores do Indaiá,MG
Recife,PE
Francisco Morato,SP
Campo Erê,SC
Santos,SP
Juína,MT
Ribeirão Preto,SP
Cachoeiro de Itapemirim,ES
Belford Roxo,RJ
Chapadinha,MA
Guarapuava,PR
Barra do Garças,MT
Cornélio Procópio,PR
Estrela,RS
São José do Rio Preto,SP
Jaboatão dos Guararapes,PE
Barueri,SP
Queimados,RJ
Ribeirão Preto,SP
Porto Alegre,RS
Três Pontas,MG
Recife,PE
Itajubá,MG
Recife,PE
Santa Maria,RS
Mangueirinha,PR
Paulista,PE
Marau,RS
Iporã,PR
Ariquemes,RO
Bebedouro,SP
Lavras,MG
Paraisópolis,MG
Dourados,MS
Rio Claro,SP
Santarém,PA
Recife,PE
Sorocaba,SP
Blumenau,SC
Vitória de Santo Antão,PE
Umuarama,PR
Porto Velho,RO
Barra de São Francisco,ES
Ipaussu,SP
Araçatuba,SP
Candeias,BA
Indaiatuba,SP
Parauapebas,PA
Vilhena,RO
Santa Rita do Passa Quatro,SP
Sobral,CE
Resende,RJ
Capelinha,MG
Itanhaém,SP
Itapetininga,SP
Paripiranga,BA
São Fidélis,RJ
Alagoinhas,BA
Pitanga,PR
Ilha Solteira,SP
Cotia,SP
Itumbiara,GO
Guarulhos,SP
Santo André,SP
Londrina,PR
Jaboatão dos Guararapes,PE
Itajaí,SC
Maringá,PR
Manhuaçu,MG
São Lourenço,MG
Belo Jardim,PE
João Pessoa,PB
Uberlândia,MG
Araçatuba,SP
Cornélio Procópio,PR
São Bento do Sul,SC
Ji-Paraná,RO
Guaratuba,PR
São Raimundo Nonato,PI
Amparo,SP
Tianguá,CE
Paranaguá,PR
Londrina,PR
Aquidauana,MS
Várzea da Palma,MG
Presidente Prudente,SP
Itaporanga,PB
Valinhos,SP
Altamira,PA
Imperatriz,MA
Itajaí,SC
Floresta,PE
Camaquã,RS
Divinópolis,MG
Luís Eduardo Magalhães,BA
Campo Grande,MS
Araripina,PE
Itapoá,SC
João Pessoa,PB
Barcarena,PA
Além Paraíba,MG
São Gonçalo,RJ
Caxias do Sul,RS
Moji Mirim,SP
Campos dos Goytacazes,RJ
Ivaiporã,PR
Uruana de Minas,MG
Guarulhos,SP
Arapiraca,AL
Teodoro Sampaio,SP
Jaraguá do Sul,SC
São José,SC
Altamira,PA
Jaú,SP
Valença,BA
Divinópolis,MG
Brumado,BA
Ipu,CE
Guarapari,ES
Aparecida de
Campo Grande,MS
Itajaí,SC
Lupércio,SP
Ribeirão das Neves,MG
Porto Alegre,RS
Aparecida de
Muriaé,MG
Tangará da Serra,MT
Januária,MG
Patos de Minas,MG
Limeira,SP
Ivoti,RS
Andradina,SP
Sabará,MG
Caraguatatuba,SP
Campo Grande,MS
Campos dos Goytacazes,RJ
Primavera do Leste,MT
Serra,ES
Valença,BA
Itumbiara,GO
Campinas,SP
Jataí,GO
Maringá,PR
Bagé,RS
Lavras,MG
Taquaritinga,SP
Eunápolis,BA
Divinópolis,MG
Valença,BA
Maracanaú,CE
Diamantino,MT
Guanhães,MG
Lins,SP
Capim Grosso,BA
Andradina,SP
João Pessoa,PB
Maricá,RJ
Presidente Venceslau,SP
Rio Verde,GO
Rio Verde,GO
Bacabal,MA
São Leopoldo,RS
Juazeiro,BA
Caxias do Sul,RS
Maceió,AL
Reduto,MG
Marília,SP
Porto Alegre,RS
Sobral,CE
Floriano,PI
Gurupi,TO
Contagem,MG
Maria da Fé,MG
Nova Iguaçu,RJ
São Carlos,SP
Barracão,PR
Tucano,BA
Osasco,SP
Floresta,PE
Maceió,AL
Campos dos Goytacazes,RJ
Nova Lima,MG
Itapetininga,SP
Ribeirão Preto,SP
Juína,MT
Porto Alegre,RS
Campina Grande,PB
Cachoeiro de Itapemirim,ES
Senador Canedo,GO
Santos,SP
Tapejara,RS
Leopoldina,MG
Anápolis,GO
Ibitinga,SP
São Lourenço da Mata,PE
Mirassol,SP
Recreio,MG
Osasco,SP
Balneário Camboriú,SC
Santo Antônio do Descoberto,GO
Capitão Leônidas Marques,PR
Indaiatuba,SP
Patos de Minas,MG
Recife,PE
Santos Dumont,MG
Três Rios,RJ
Paragominas,PA
Ilhéus,BA
Bento Gonçalves,RS
Balsas,MA
Porto Velho,RO
Vilhena,RO
Alfenas,MG
Penápolis,SP
Barbacena,MG
Maringá,PR
Piumhi,MG
João Pessoa,PB
Vilhena,RO
Igarassu,PE
Araruama,RJ
Cruzeiro do Sul,AC
Guarujá,SP
Mogi Guaçu,SP
Porto Alegre,RS
Muriaé,MG
Itabirito,MG
Ijuí,RS
Guarapuava,PR
Santa Rosa,RS
Sorocaba,SP
Caxias do Sul,RS
Bacabeira,MA
Bezerros,PE
Passo Fundo,RS
São Mateus,ES
Lagoa Santa,MG
Olinda,PE
Araçatuba,SP
Belford Roxo,RJ
Avaré,SP
Recife,PE
Sorriso,MT
Patos,PB
São João da Boa Vista,SP
Guarantã do Norte,MT
Araguaína,TO
Caruaru,PE
Pelotas,RS
Campina Grande,PB
Bocaiúva,MG
Jaraguá do Sul,SC
Registro,SP
Goiana,PE
Rolim de Moura,RO
Itapetininga,SP
Recife,PE
Guanambi,BA
Teófilo Otoni,MG
Vinhedo,SP
Parnaíba,PI
Caxias do Sul,RS
Aparecida de
Blumenau,SC
Apucarana,PR
Patrocínio,MG
Igrejinha,RS
Anápolis,GO
Anápolis,GO
Ponte Nova,MG
Coronel João Sá,BA
Nova Serrana,MG
Campina Grande,PB
Presidente Prudente,SP
Maceió,AL
Concórdia,SC
Uberaba,MG
Cataguases,MG
Governador Valadares,MG
Paulo Afonso,BA
Blumenau,SC
Guarapari,ES
São Vicente de Minas,MG
Senhor do Bonfim,BA
São Marcos,RS
Irati,PR
Dianópolis,TO
Concórdia,SC
Itajaí,SC
Alagoinhas,BA
Araraquara,SP
Taubaté,SP
Paraguaçu Paulista,SP
Caldas Novas,GO
Além Paraíba,MG
Campo Grande,MS
Muriaé,MG
Cabrobó,PE
Porto Alegre,RS
Dois Vizinhos,PR
Pouso Alegre,MG
Quixadá,CE
Goiana,PE
Guanambi,BA
Imperatriz,MA
Cachoeiro de Itapemirim,ES
Ubiratã,PR
Palmeiras de Goiás,GO
Itapetininga,SP
Rio Verde de Mato Grosso,MS
Sorriso,MT
Santana de Parnaíba,SP
Conselheiro Lafaiete,MG
Santa Inês,MA
Piracicaba,SP
Araguatins,TO
Itabaiana,SE
Campinas,SP
Campos dos Goytacazes,RJ
Rio das Pedras,SP
Uberlândia,MG
Araguari,MG
Campinas,SP
Orleans,SC
Timbó,SC
Dourados,MS
Aimorés,MG
Juazeiro do Norte,CE
Irecê,BA
Petrolina,PE
Padre Bernardo,GO
Pindamonhangaba,SP
Porto Alegre,RS
Pará de Minas,MG
Cristalina,GO
Porangatu,GO
Nova Lima,MG
Guarulhos,SP
Irecê,BA
Coronel Fabriciano,MG
Picos,PI
Toledo,PR
Recife,PE
Maringá,PR
Palmas,TO
Pindamonhangaba,SP
São Sebastião do Paraíso,MG
Marabá,PA
Barroso,MG
Laranjeiras do Sul,PR
Presidente Prudente,SP
Araucária,PR
Maceió,AL
Petrópolis,RJ
Nova Iguaçu,RJ
Crato,CE
Maringá,PR
João Pessoa,PB
Valença,RJ
Lauro de Freitas,BA
Itabirito,MG
São José do Rio Preto,SP
Santa Inês,MA
Monte Santo,BA
Bragança,PA
São Caetano do Sul,SP
Wenceslau Braz,PR
Arcoverde,PE
Várzea Grande,MT
São Luís de Montes Belos,GO
Recife,PE
Feira de Santana,BA
Camaçari,BA
Limeira,SP
Limoeiro do Norte,CE
Cocal do Sul,SC
Maringá,PR
João Pessoa,PB
Cruz das Almas,BA
Parnaíba,PI
Divinópolis,MG
Iguape,SP
Arapongas,PR
Arapiraca,AL
Marília,SP
Recife,PE
Quixadá,CE
Governador Valadares,MG
Porto Alegre,RS
São Gonçalo do Amarante,CE
Serra,ES
Senhor do Bonfim,BA
Uberlândia,MG
Ibiúna,SP
Recife,PE
Mogi Guaçu,SP
Sorriso,MT
Concórdia,SC
Cacoal,RO
Holambra,SP
Campina Grande,PB
Ribeirão Preto,SP
Porto Nacional,TO
Aracaju,SE
Palmares,PE
Porto Alegre,RS
Campo Grande,MS
Duque de Caxias,RJ
Roseira,SP
Ananindeua,PA
Santa Cruz do Rio Pardo,SP
Rio Grande,RS
Campina Grande,PB
Vila Velha,ES
Osasco,SP
Andrelândia,MG
Cabedelo,PB
Nanuque,MG
São Romão,MG
Serrolândia,BA
Itapiranga,SC
Uberlândia,MG
Americana,SP
Augustinópolis,TO
Porto Alegre,RS
Betim,MG
Petrópolis,RJ
Francisco Morato,SP
Lavras,MG
Sabinópolis,MG
Novo Hamburgo,RS
Lages,SC
Vilhena,RO
Itu,SP
Criciúma,SC
Presidente Dutra,MA
Aparecida de
Avaré,SP
Assis,SP
Selvíria,MS
Mossoró,RN
Foz do Iguaçu,PR
Araçuaí,MG
Campos dos Goytacazes,RJ
Maceió,AL
Itumbiara,GO
Maceió,AL
Lauro de Freitas,BA
Aparecida de
Araguaína,TO
Taquara,RS
Canela,RS
Pau dos Ferros,RN
Iguatu,CE
Canto do Buriti,PI
Ribeirão Pires,SP
Luzerna,SC
Guarabira,PB
Serra Talhada,PE
Vitória da Conquista,BA
São João Nepomuceno,MG
Juazeiro do Norte,CE
Naviraí,MS
Porto Alegre,RS
Serra,ES
Pimenta Bueno,RO
Vila Velha,ES
Alta Floresta,MT
Seropédica,RJ
Quedas do Iguaçu,PR
Jequié,BA
Marabá,PA
Carangola,MG
Passo Fundo,RS
Igarapé-Miri,PA
Rondonópolis,MT
Porto Alegre,RS
Bento Gonçalves,RS
Serra,ES
Mogi das Cruzes,SP
Xinguara,PA
Petrópolis,RJ
Pau dos Ferros,RN
Pindamonhangaba,SP
Sobral,CE
Ibiraçu,ES
Jussara,GO
Rio Claro,SP
Pouso Alegre,MG
Caieiras,SP
Taubaté,SP
Passo Fundo,RS
Campina Verde,MG
Imperatriz,MA
Sorocaba,SP
Telêmaco Borba,PR
Campo Grande,MS
Itapira,SP
São Gotardo,MG
Rancharia,SP
Ribeirão Preto,SP
Birigui,SP
Serra,ES
Marabá,PA
Aracaju,SE
Mangueirinha,PR
Foz do Iguaçu,PR
Conceição do Coité,BA
Altamira,PA
Vila Velha,ES
Sertãozinho,SP
Almenara,MG
Vila Velha,ES
Juazeiro do Norte,CE
Pirapora,MG
Sete Lagoas,MG
Valparaíso de Goiás,GO
Palmas,TO
Mauá,SP
Três Pontas,MG
Foz do Iguaçu,PR
Ibitinga,SP
Nova Friburgo,RJ
Porto Alegre,RS
Campina Grande,PB
São Caetano do Sul,SP
Jaraguá do Sul,SC
Imperatriz,MA
Cachoeiro de Itapemirim,ES
Senhor do Bonfim,BA
Ponta Grossa,PR
Porto Nacional,TO
Teófilo Otoni,MG
Embu,SP
Osasco,SP
Araçatuba,SP
Paulínia,SP
Santa Bárbara d´Oeste,SP
Franco da Rocha,SP
Araguaína,TO
Jaicós,PI
Itatiba,SP
Quixadá,CE
Anápolis,GO
Paracatu,MG
Cruz das Almas,BA
Conselheiro Lafaiete,MG
Águas Lindas de Goiás,GO
Pelotas,RS
Passo Fundo,RS
Parauapebas,PA
São Caetano do Sul,SP
Santo Antônio do Monte,MG
Campos dos Goytacazes,RJ
Cruzeiro do Sul,AC
Itapira,SP
Botucatu,SP
São José do Rio Preto,SP
Nova Andradina,MS
Uberaba,MG
Lauro de Freitas,BA
Riachão do Jacuípe,BA
Viamão,RS
Garça,SP
Palmas,TO
Tianguá,CE
Manacapuru,AM
Uruguaiana,RS
Sete Lagoas,MG
Santa Maria,RS
Abaetetuba,PA
Goioerê,PR
Ceres,GO
Tangará da Serra,MT
Sete Lagoas,MG
Capivari,SP
Jequié,BA
Capanema,PR
Caicó,RN
Afogados da Ingazeira,PE
Foz do Iguaçu,PR
Santarém,PA
São Mateus,ES
Francisco Beltrão,PR
Guarulhos,SP
Jataí,GO
Foz do Iguaçu,PR
Ananindeua,PA
Guaiúba,CE
Palmas,TO
Sorocaba,SP
Sorocaba,SP
Itanhaém,SP
Piracicaba,SP
Valença,BA
Ivaiporã,PR
Araçatuba,SP
Maceió,AL
Campo Grande,MS
Luís Eduardo Magalhães,BA
Surubim,PE
Lapa,PR
Caldas Novas,GO
Paranaíba,MS
Santo André,SP
Maringá,PR
Cambuquira,MG
Santarém,PA
Ibiúna,SP
Guarulhos,SP
Itajubá,MG
Araruama,RJ
Itapecerica da Serra,SP
Ribeirão Preto,SP
Campinas,SP
Guarapari,ES
Serra,ES
Contagem,MG
Indaiatuba,SP
São João de Meriti,RJ
Barreiras,BA
Campinas,SP
Araguatins,TO
Aracaju,SE
Campina Grande,PB
Sete Lagoas,MG
Nanuque,MG
Matão,SP
Tucuruí,PA
São Mateus,ES
Marabá,PA
Hortolândia,SP
João Pessoa,PB
Lucélia,SP
Juazeiro do Norte,CE
Recife,PE
Teófilo Otoni,MG
Guarujá,SP
Jaú,SP
Ibiporã,PR
Anápolis,GO
Maceió,AL
Marília,SP
Porto Alegre,RS
São José,SC
Rio Verde,GO
Itajubá,MG
Petrolina,PE
Rio Verde,GO
Petrolina,PE
Porto Velho,RO
Petrolina,PE
Recife,PE
Visconde do Rio Branco,MG
Paranavaí,PR
Palmeira dos Índios,AL
Poços de Caldas,MG
São José do Rio Preto,SP
Uberlândia,MG
João Pessoa,PB
Pelotas,RS
Itajubá,MG
Taubaté,SP
Ituverava,SP
Bandeirantes,PR
Redenção,CE
Sorocaba,SP
Lençóis Paulista,SP
Nova Andradina,MS
Vila Velha,ES
Lambari,MG
Palmares,PE
Salto,SP
Araras,SP
Barbacena,MG
Criciúma,SC
Salgueiro,PE
Catanduva,SP
Ituverava,SP
Campo Largo,PR
Passo Fundo,RS
Mossoró,RN
Santo André,SP
Santa Maria,RS
Lins,SP
Cruzeiro do Oeste,PR
Irecê,BA
Londrina,PR
Santo André,SP
Loanda,PR
Santo André,SP
Recife,PE
Piracanjuba,GO
Lago da Pedra,MA
Paraíso do Tocantins,TO
Jaboticabal,SP
Guarulhos,SP
Mogi das Cruzes,SP
Eunápolis,BA
Valença,BA
Itumbiara,GO
Codó,MA
Taubaté,SP
Sinop,MT
Porto Alegre,RS
Recife,PE
Vila Velha,ES
Osasco,SP
Maceió,AL
Sobral,CE
Iúna,ES
Santo Antônio da Platina,PR
Luziânia,GO
Osasco,SP
Guarantã do Norte,MT
Monte Aprazível,SP
Cajazeiras,PB
Ponta Grossa,PR
Piraju,SP
Porecatu,PR
São Gonçalo do Rio Abaixo,MG
Várzea Grande,MT
Novo Hamburgo,RS
Campos dos Goytacazes,RJ
Palmas,TO
Aguaí,SP
Itajubá,MG
Capão da Canoa,RS
Adamantina,SP
Campinas,SP
Horizontina,RS
Caxias do Sul,RS
Boa Esperança,MG
Cabo de Santo Agostinho,PE
Osasco,SP
Perdões,MG
Atibaia,SP
Maceió,AL
Anchieta,ES
Londrina,PR
Uberlândia,MG
Caratinga,MG
Timon,MA
Jandaia do Sul,PR
São Lourenço,MG
Porangatu,GO
Cáceres,MT
Volta Redonda,RJ
Ponta Porã,MS
Araucária,PR
Mogi das Cruzes,SP
Palmas,TO
Santos,SP
Alvorada,RS
Ribeirão Preto,SP
Vila Velha,ES
Barueri,SP
Três Rios,RJ
Maringá,PR
Piracicaba,SP
Campo Limpo Paulista,SP
Jaraguá do Sul,SC
Nova Andradina,MS
Quixeramobim,CE
Vassouras,RJ
Catanduva,SP
Recife,PE
Jacobina,BA
Rondonópolis,MT
Vitória da Conquista,BA
Palhoça,SC
União da Vitória,PR
Betim,MG
Xaxim,SC
Maringá,PR
Contagem,MG
Cambuí,MG
Petrolina,PE
Porto Feliz,SP
Santos,SP
Jaboatão dos Guararapes,PE
São José do Rio Preto,SP
Alfenas,MG
Palmas,TO
Camaçari,BA
Liberdade,MG
Londrina,PR
São Bento do Sul,SC
Hortolândia,SP
Marília,SP
Ibaiti,PR
Porto Alegre,RS
Americana,SP
Indaiatuba,SP
Sete Lagoas,MG
Arapiraca,AL
Barra do Garças,MT
Realeza,PR
Itapetininga,SP
Piracicaba,SP
Campo Maior,PI
Santa Cruz do Rio Pardo,SP
Ribeirão das Neves,MG
Praia Grande,SP
Bagé,RS
Macaé,RJ
São José,SC
Bebedouro,SP
Caxias do Sul,RS
Recife,PE
Jaraguá do Sul,SC
Inhumas,GO
Corumbá,MS
Carapicuíba,SP
Aracaju,SE
Três Lagoas,MS
Senador Canedo,GO
Jaraguá do Sul,SC
Rio Branco,AC
Altamira,PA
João Pessoa,PB
Lorena,SP
Viçosa,MG
Guarulhos,SP
Rondonópolis,MT
Virginópolis,MG
Codó,MA
Alto Horizonte,GO
Caarapó,MS
Medianeira,PR
Irará,BA
Campo Verde,MT
Pouso Alegre,MG
Ribeirão Preto,SP
São José do Rio Preto,SP
Ipiaú,BA
São Roque,SP
Umuarama,PR
Virginópolis,MG
Campo Grande,MS
Blumenau,SC
Tupã,SP
Porto Seguro,BA
Novo Gama,GO
Ponta Grossa,PR
Santo André,SP
Capão Bonito,SP
Maceió,AL
Cachoeiro de Itapemirim,ES
Santa Maria,RS
São José,SC
Jacobina,BA
Patos de Minas,MG
Cascavel,CE
São José do Rio Preto,SP
Sumaré,SP
Matozinhos,MG
Jataí,GO
Cáceres,MT
Crato,CE
Sinop,MT
Pires do Rio,GO
Raul Soares,MG
Marília,SP
Arapiraca,AL
Rosana,SP
Santa Maria da Vitória,BA
Feira de Santana,BA
Pirapora,MG
Conselheiro Lafaiete,MG
Parambu,CE
Catanduva,SP
Petrópolis,RJ
Nova Lima,MG
Blumenau,SC
Recife,PE
Mandaguari,PR
Luz,MG
Cruzeiro,SP
Araguari,MG
Pedro Afonso,TO
Santa Cruz Cabrália,BA
Amambaí,MS
Olímpia,SP
Rancharia,SP
Mundo Novo,MS
São Domingos do Prata,MG
Paracatu,MG
Porto Alegre,RS
São Sebastião do Paraíso,MG
Pelotas,RS
Cachoeiro de Itapemirim,ES
São José do Rio Preto,SP
Paraíso do Tocantins,TO
Arcoverde,PE
Mairiporã,SP
Petrolina,PE
Votuporanga,SP
Araraquara,SP
Caçador,SC
Arapongas,PR
Piripiri,PI
Vila Velha,ES
Caratinga,MG
Rio Branco,AC
Parauapebas,PA
Teófilo Otoni,MG
Campinas,SP
Petrolina,PE
Terra Boa,PR
Crateús,CE
Santa Maria,RS
Valparaíso de Goiás,GO
Itaquaquecetuba,SP
Monte Alto,SP
Porto Velho,RO
Votuporanga,SP
Maringá,PR
Ipu,CE
Palmas,PR
Três de Maio,RS
Santa Teresa,ES
Santana de Parnaíba,SP
Macaé,RJ
Rio Branco,AC
Patrocínio,MG
Piracicaba,SP
Campo Verde,MT
Aracaju,SE
Cacimbinhas,AL
João Pessoa,PB
São Gonçalo,RJ
Maringá,PR
Jacobina,BA
Cambé,PR
Recife,PE
Paragominas,PA
Recife,PE
Jataí,GO
Aracati,CE
Santa Quitéria,CE
Milagres,CE
Socorro,SP
Itumbiara,GO
Lauro de Freitas,BA
Pelotas,RS
Imperatriz,MA
Aracaju,SE
Campo Grande,MS
São Gabriel da Palha,ES
Juazeiro,BA
Campo Belo,MG
Itumbiara,GO
Belém de São Francisco,PE
Getúlio Vargas,RS
Santa Cruz do Capibaribe,PE
Assis Chateaubriand	PR
Santo André,SP
Pouso Alegre,MG
Aparecida de
Teófilo Otoni,MG
Guararapes,SP
Tubarão,SC
São José de Ribamar,MA
Petrolina,PE
Ivatuba,PR
Bom Despacho,MG
Arapongas,PR
Bandeirantes,PR
Bebedouro,SP
Jacobina,BA
Olinda,PE
Igarassu,PE
Belo Jardim,PE
Caxias do Sul,RS
Conselheiro Pena,MG
Ribeirão Preto,SP
Luziânia,GO
Nova Serrana,MG
Junqueirópolis,SP
Passos,MG
Fátima do Sul,MS
Maringá,PR
Ribeira do Pombal,BA
Vinhedo,SP
Mirandópolis,SP
Campo Grande,MS
Parnarama,MA
Guarujá,SP
Astorga,PR
Anicuns,GO
São Carlos,SP
Volta Redonda,RJ
Caxias do Sul,RS
Pirassununga,SP
Caratinga,MG
Campo Grande,MS
Coroatá,MA
Matupá,MT
Porto Alegre,RS
Barra Mansa,RJ
Cruzeiro,SP
Recife,PE
Açu,RN
Sinop,MT
Uberaba,MG
Juatuba,MG
Santo Antônio de Jesus,BA
Camaçari,BA
Santo André,SP
Birigui,SP
Bicas,MG
Governador Valadares,MG
Dianópolis,TO
Recife,PE
Itumbiara,GO
Trindade,GO
Vespasiano,MG
Santa Maria,RS
Porto Alegre,RS
Altamira,PA
Caxias,MA
Manhuaçu,MG
Conceição do Castelo,ES
Dracena,SP
Timon,MA
Parnamirim,RN
Guarapari,ES
Jaraguá do Sul,SC
Imperatriz,MA
Vitória da Conquista,BA
Água Boa,MT
Itaobim,MG
Tianguá,CE
Uberlândia,MG
Valença,BA
Blumenau,SC
Aracaju,SE
Recife,PE
Matão,SP
Feira de Santana,BA
Iguatu,CE
Itu,SP
Marília,SP
Araguaína,TO
Belém de São Francisco,PE
Mogi Guaçu,SP
Maranguape,CE
Maceió,AL
Dourados,MS
Petrolina,PE
Cacoal,RO
Itaberaba,BA
Itaituba,PA
Abaetetuba,PA
Ariquemes,RO
Porto Alegre,RS
Aracruz,ES
Assis,SP
Sobral,CE
Canoinhas,SC
Iúna,ES
Tianguá,CE
São Gonçalo,RJ
Alagoinhas,BA
Pouso Alegre,MG
Itararé,SP
Recife,PE
Porto Alegre,RS
Rio Negrinho,SC
Rio Claro,SP
São Caetano do Sul,SP
Palmares,PE
Andradina,SP
Porto Alegre,RS
Piracicaba,SP
Campinas,SP
Presidente Venceslau,SP
Uberlândia,MG
Maringá,PR
Londrina,PR
Campos dos Goytacazes,RJ
Ourinhos,SP
Campina Grande,PB
Chopinzinho,PR
Porto Alegre,RS
Mantena,MG
Marau,RS
Porto Alegre,RS
Bagé,RS
Porto Velho,RO
Serra,ES
Horizonte,CE
Rio Branco,AC
São Pedro da Aldeia,RJ
Cabo Frio,RJ
Tocantins,MG
Juazeiro do Norte,CE
Mauá,SP
Anápolis,GO
Espírito Santo do Pinhal,SP
Aracruz,ES
Garça,SP
Mato Verde,MG
Porto Velho,RO
Lagoa Santa,MG
Petrolina,PE
Itabirito,MG
Abaetetuba,PA
Juazeiro do Norte,CE
Serra Talhada,PE
Andrelândia,MG
Ribeirão Preto,SP
Olinda,PE
Vitória da Conquista,BA
Piumhi,MG
Ribeirão Preto,SP
Caruaru,PE
Porto Alegre,RS
Mogi das Cruzes,SP
Campinas,SP
Araripina,PE
Palmeiras de Goiás,GO
Elesbão Veloso,PI
Coari,AM
Araraquara,SP
Brumado,BA
Cornélio Procópio,PR
Balneário Camboriú,SC
Itaúna,MG
Arapongas,PR
Corumbá,MS
Nazaré da Mata,PE
Campinas,SP
João Pessoa,PB
Bertioga,SP
Assis,SP
Cidade Ocidental,GO
Itaguaí,RJ
João Pessoa,PB
Jaboatão dos Guararapes,PE
Parnaíba,PI
São Miguel do Oeste,SC
Limeira,SP
Ponta Grossa,PR
Guanambi,BA
Ipirá,BA
Serrinha,BA
Diamantina,MG
Raposos,MG
Altamira,PA
Açu,RN
Crato,CE
Orlândia,SP
Itapipoca,CE
Mogi das Cruzes,SP
Rio Verde,GO
Telêmaco Borba,PR
Anápolis,GO
Açailândia,MA
Arujá,SP
Pindamonhangaba,SP
Uberaba,MG
Afogados da Ingazeira,PE
Vitória de Santo Antão,PE
Porto Alegre,RS
Avaré,SP
São Gonçalo,RJ
Quirinópolis,GO
Palhoça,SC
Toledo,PR
Aracaju,SE
São Roque,SP
Balneário Camboriú,SC
Tietê,SP
João Pessoa,PB
Apucarana,PR
Itaituba,PA
Crato,CE
Marechal Cândido Rondon,PR
Feira de Santana,BA
Olinda,PE
Cotia,SP
Maceió,AL
Piripiri,PI
Ribeirão Preto,SP
Manacapuru,AM
Jaboatão dos Guararapes,PE
São Lourenço,MG
Ponte Nova,MG
Sapucaia do Sul,RS
Capim Grosso,BA
Aracaju,SE
Parnamirim,RN
Mairiporã,SP
Rio Bonito,RJ
Aracaju,SE
Recife,PE
Porto Alegre,RS
Ribeirão Bonito,SP
Redenção,PA
Uberlândia,MG
Rio Grande,RS
Guarulhos,SP
Cianorte,PR
Palmas,TO
Recife,PE
Juazeiro,BA
São Lourenço da Mata,PE
Alvarenga,MG
Cruzeiro,SP
Blumenau,SC
Timbaúba,PE
Conceição das Alagoas,MG
Cachoeiro de Itapemirim,ES
Ponta Grossa,PR
Aracaju,SE
São Carlos,SP
Sumaré,SP
Paulista,PE
São João da Boa Vista,SP
Vitória da Conquista,BA
Guaratinguetá,SP
Limeira,SP
Conselheiro Lafaiete,MG
Divino,MG
Lajinha,MG
Criciúma,SC
Castanhal,PA
Pereira Barreto,SP
Remanso,BA
Foz do Iguaçu,PR
Muriaé,MG
Lorena,SP
Sumaré,SP
Ladainha,MG
Águas Lindas de Goiás,GO
Santarém,PA
Porto Alegre,RS
Ponta Porã,MS
Santa Maria,RS
Timon,MA
Campo Verde,MT
Novo Hamburgo,RS
Porto Velho,RO
Lorena,SP
Boa Esperança,MG
Volta Redonda,RJ
Praia Grande,SP
Araguaína,TO
Monte Carmelo,MG
Jaguariúna,SP
Bom Jesus do Itabapoana,RJ
Foz do Iguaçu,PR
Caruaru,PE
Dias d´Ávila,BA
Ijuí,RS
Quixeramobim,CE
São João del Rei,MG
Campinas,SP
Santos,SP
Recife,PE
Tucuruí,PA
São José do Rio Preto,SP
São Caetano do Sul,SP
Mossoró,RN
Betim,MG
Vila Velha,ES
Várzea Paulista,SP
Campo Grande,MS
Caraguatatuba,SP
Araguaína,TO
Londrina,PR
Sorocaba,SP
Guaratinguetá,SP
Santos,SP
Campinas,SP
Almenara,MG
Vila Velha,ES
Senador Canedo,GO
Sorocaba,SP
Sobral,CE
Itapecerica da Serra,SP
Dourados,MS
Tianguá,CE
Araucária,PR
Tucuruí,PA
Sorocaba,SP
Araraquara,SP
Avaré,SP
Lins,SP
Caruaru,PE
Jales,SP
Leopoldina,MG
Mossoró,RN
Palmas,TO
Recife,PE
Mutum,MG
Cabo de Santo Agostinho,PE
Birigui,SP
Bom Jesus do Itabapoana,RJ
Concórdia,SC
Sarandi,PR
Oliveira,MG
Penedo,AL
Lucas do Rio Verde,MT
Belo Oriente,MG
Botucatu,SP
Nova Lima,MG
Colatina,ES
Cláudio,MG
Nova Venécia,ES
Limoeiro,PE
Bagé,RS
Três Pontas,MG
Sobral,CE
Leme,SP
Corrente,PI
Jequié,BA
Tupi Paulista,SP
Araçatuba,SP
Matipó,MG
Bom Jesus da Lapa,BA
João Pinheiro,MG
Santa Inês,MA
Duque de Caxias,RJ
Naviraí,MS
Carangola,MG
Itu,SP
Novo Cabrais,RS
Indaiatuba,SP
Vila Velha,ES
Luziânia,GO
Marília,SP
Maceió,AL
Santa Rita,PB
Redenção,PA
Porto Seguro,BA
Pindamonhangaba,SP
Serra Talhada,PE
Goiana,PE
Resende,RJ
Nova Serrana,MG
Jaboatão dos Guararapes,PE
Serra,ES
Aimorés,MG
Arapiraca,AL
Serra Talhada,PE
Aracaju,SE
Contagem,MG
Governador Valadares,MG
Sete Lagoas,MG
Canindé,CE
Petrolina,PE
Recife,PE
Cambé,PR
Maceió,AL
Campinas,SP
Rio Branco,AC
Recife,PE
Sarandi,PR
Marília,SP
João Monlevade,MG
Petrolina,PE
Matias Barbosa,MG
Rio Grande,RS
Olinda,PE
Tianguá,CE
Embu,SP
Central de Minas,MG
Araxá,MG
Toledo,PR
São Carlos,SP
São José,SC
Avaré,SP
Recife,PE
Criciúma,SC
Nova Andradina,MS
Redenção,PA
Garibaldi,RS
Pouso Alegre,MG
Rio do Sul,SC
Matão,SP
Arapiraca,AL
Campina Grande do Sul,PR
Governador Valadares,MG
Catanduva,SP
Taguaí,SP
Sete Lagoas,MG
Linhares,ES
